DEBUG | id=887 (columbine): 'hardiness.min' is empty — setting to null.
DEBUG | id=887 (columbine): 'hardiness.max' is empty — setting to null.
DEBUG | id=1188 (Malabar spinach): 'hardiness.min' is empty — setting to null.
DEBUG | id=1188 (Malabar spinach): 'hardiness.max' is empty — setting to null.
DEBUG | id=1189 (Ceylon spinach): 'hardiness.min' is empty — setting to null.
DEBUG | id=1189 (Ceylon spinach): 'hardiness.max' is empty — setting to null.
WARNING | id=1469 (rattlesnake plant): 'scientific_name' has 2 values ['Calathea lancifolia', 'Goeppertia insignis']; using first.
DEBUG | id=1598 (ornamental pepper): 'hardiness.min' is empty — setting to null.
DEBUG | id=1598 (ornamental pepper): 'hardiness.max' is empty — setting to null.
DEBUG | id=10001 (Five-Stamen Chickweed): 'hardiness.min' is empty — setting to null.
DEBUG | id=10001 (Five-Stamen Chickweed): 'hardiness.max' is empty — setting to null.
DEBUG | id=10002 (Newfoundland Chickweed): 'hardiness.min' is empty — setting to null.
DEBUG | id=10002 (Newfoundland Chickweed): 'hardiness.max' is empty — setting to null.
DEBUG | id=10003 (Large Field Chickweed): 'hardiness.min' is empty — setting to null.
DEBUG | id=10003 (Large Field Chickweed): 'hardiness.max' is empty — setting to null.
DEBUG | id=10004 (Céraiste Velouté): 'hardiness.min' is empty — setting to null.
DEBUG | id=10004 (Céraiste Velouté): 'hardiness.max' is empty — setting to null.
DEBUG | id=10005 (Sand Heath): 'hardiness.min' is empty — setting to null.
DEBUG | id=10005 (Sand Heath): 'hardiness.max' is empty — setting to null.
DEBUG | id=10006 (Horn-Seed Buttercup): 'hardiness.min' is empty — setting to null.
DEBUG | id=10006 (Horn-Seed Buttercup): 'hardiness.max' is empty — setting to null.
DEBUG | id=10008 (Prickly Hornwort): 'hardiness.min' is empty — setting to null.
DEBUG | id=10008 (Prickly Hornwort): 'hardiness.max' is empty — setting to null.
DEBUG | id=10009 (Southern Prickly Hornwort): 'hardiness.min' is empty — setting to null.
DEBUG | id=10009 (Southern Prickly Hornwort): 'hardiness.max' is empty — setting to null.
DEBUG | id=10010 (Eastern Redbud): 'hardiness.min' is empty — setting to null.
DEBUG | id=10010 (Eastern Redbud): 'hardiness.max' is empty — setting to null.
DEBUG | id=10011 (Hoary Pincushion): 'hardiness.min' is empty — setting to null.
DEBUG | id=10011 (Hoary Pincushion): 'hardiness.max' is empty — setting to null.
DEBUG | id=10012 (Alpine Pincushion): 'hardiness.min' is empty — setting to null.
DEBUG | id=10012 (Alpine Pincushion): 'hardiness.max' is empty — setting to null.
DEBUG | id=10013 (Alpine Dustymaiden): 'hardiness.min' is empty — setting to null.
DEBUG | id=10013 (Alpine Dustymaiden): 'hardiness.max' is empty — setting to null.
DEBUG | id=10014 (Small Snapdragon): 'hardiness.min' is empty — setting to null.
DEBUG | id=10014 (Small Snapdragon): 'hardiness.max' is empty — setting to null.
DEBUG | id=10015 (Spreading Chervil): 'hardiness.min' is empty — setting to null.
DEBUG | id=10015 (Spreading Chervil): 'hardiness.max' is empty — setting to null.
DEBUG | id=10016 (Rough Chervil): 'hardiness.min' is empty — setting to null.
DEBUG | id=10016 (Rough Chervil): 'hardiness.max' is empty — setting to null.
DEBUG | id=10017 (Fireweed): 'hardiness.min' is empty — setting to null.
DEBUG | id=10017 (Fireweed): 'hardiness.max' is empty — setting to null.
DEBUG | id=10018 (Fireweed): 'hardiness.min' is empty — setting to null.
DEBUG | id=10018 (Fireweed): 'hardiness.max' is empty — setting to null.
DEBUG | id=10019 (Hybrid Fireweed): 'hardiness.min' is empty — setting to null.
DEBUG | id=10019 (Hybrid Fireweed): 'hardiness.max' is empty — setting to null.
DEBUG | id=10020 (Wandering Fireweed): 'hardiness.min' is empty — setting to null.
DEBUG | id=10020 (Wandering Fireweed): 'hardiness.max' is empty — setting to null.
DEBUG | id=10021 (River Beauty): 'hardiness.min' is empty — setting to null.
DEBUG | id=10021 (River Beauty): 'hardiness.max' is empty — setting to null.
DEBUG | id=10022 (Little Rose): 'hardiness.min' is empty — setting to null.
DEBUG | id=10022 (Little Rose): 'hardiness.max' is empty — setting to null.
DEBUG | id=10023 (Nettle-Leaved Goosefoot): 'hardiness.min' is empty — setting to null.
DEBUG | id=10023 (Nettle-Leaved Goosefoot): 'hardiness.max' is empty — setting to null.
DEBUG | id=10024 (Maple-Leaved Goosefoot): 'hardiness.min' is empty — setting to null.
DEBUG | id=10024 (Maple-Leaved Goosefoot): 'hardiness.max' is empty — setting to null.
DEBUG | id=10025 (Dark Lamb's Quarters): 'hardiness.min' is empty — setting to null.
DEBUG | id=10025 (Dark Lamb's Quarters): 'hardiness.max' is empty — setting to null.
DEBUG | id=10026 (Pit Seed Goosefoot): 'hardiness.min' is empty — setting to null.
DEBUG | id=10026 (Pit Seed Goosefoot): 'hardiness.max' is empty — setting to null.
DEBUG | id=10027 (Bush's Goosegoot): 'hardiness.min' is empty — setting to null.
DEBUG | id=10027 (Bush's Goosegoot): 'hardiness.max' is empty — setting to null.
DEBUG | id=10028 (Large Calyx Goosefoot): 'hardiness.min' is empty — setting to null.
DEBUG | id=10028 (Large Calyx Goosefoot): 'hardiness.max' is empty — setting to null.
DEBUG | id=10029 (Zsack's Goosefoot): 'hardiness.min' is empty — setting to null.
DEBUG | id=10029 (Zsack's Goosefoot): 'hardiness.max' is empty — setting to null.
DEBUG | id=10030 (Narrow Leaved Goosefoot): 'hardiness.min' is empty — setting to null.
DEBUG | id=10030 (Narrow Leaved Goosefoot): 'hardiness.max' is empty — setting to null.
DEBUG | id=10031 (Figleaf Goosefoot): 'hardiness.min' is empty — setting to null.
DEBUG | id=10031 (Figleaf Goosefoot): 'hardiness.max' is empty — setting to null.
DEBUG | id=10032 (Fogg's Goosefoot): 'hardiness.min' is empty — setting to null.
DEBUG | id=10032 (Fogg's Goosefoot): 'hardiness.max' is empty — setting to null.
DEBUG | id=10033 (Fremont's Goosefoot): 'hardiness.min' is empty — setting to null.
DEBUG | id=10033 (Fremont's Goosefoot): 'hardiness.max' is empty — setting to null.
DEBUG | id=10034 (Hians Goosefoot): 'hardiness.min' is empty — setting to null.
DEBUG | id=10034 (Hians Goosefoot): 'hardiness.max' is empty — setting to null.
DEBUG | id=10036 (Mealy Goosefoot): 'hardiness.min' is empty — setting to null.
DEBUG | id=10036 (Mealy Goosefoot): 'hardiness.max' is empty — setting to null.
DEBUG | id=10037 (Narrowleaf Goosefoot): 'hardiness.min' is empty — setting to null.
DEBUG | id=10037 (Narrowleaf Goosefoot): 'hardiness.max' is empty — setting to null.
DEBUG | id=10038 (Shiny-Seed Goosefoot): 'hardiness.min' is empty — setting to null.
DEBUG | id=10038 (Shiny-Seed Goosefoot): 'hardiness.max' is empty — setting to null.
DEBUG | id=10039 (Seaport Goosefoot): 'hardiness.min' is empty — setting to null.
DEBUG | id=10039 (Seaport Goosefoot): 'hardiness.max' is empty — setting to null.
DEBUG | id=10040 (Desert Goosefoot): 'hardiness.min' is empty — setting to null.
DEBUG | id=10040 (Desert Goosefoot): 'hardiness.max' is empty — setting to null.
DEBUG | id=10041 (Late-Flowering Goosefoot): 'hardiness.min' is empty — setting to null.
DEBUG | id=10041 (Late-Flowering Goosefoot): 'hardiness.max' is empty — setting to null.
DEBUG | id=10042 (Woodland Goosefoot): 'hardiness.min' is empty — setting to null.
DEBUG | id=10042 (Woodland Goosefoot): 'hardiness.max' is empty — setting to null.
DEBUG | id=10043 (Strict Goosefoot): 'hardiness.min' is empty — setting to null.
DEBUG | id=10043 (Strict Goosefoot): 'hardiness.max' is empty — setting to null.
DEBUG | id=10044 (Smooth Goosefoot): 'hardiness.min' is empty — setting to null.
DEBUG | id=10044 (Smooth Goosefoot): 'hardiness.max' is empty — setting to null.
DEBUG | id=10045 (Stinking Goosefoot): 'hardiness.min' is empty — setting to null.
DEBUG | id=10045 (Stinking Goosefoot): 'hardiness.max' is empty — setting to null.
DEBUG | id=10046 (Watson's Goosefoot): 'hardiness.min' is empty — setting to null.
DEBUG | id=10046 (Watson's Goosefoot): 'hardiness.max' is empty — setting to null.
DEBUG | id=10047 (Arctic Stitchwort): 'hardiness.min' is empty — setting to null.
DEBUG | id=10047 (Arctic Stitchwort): 'hardiness.max' is empty — setting to null.
DEBUG | id=10048 (Mountain Stitchwort): 'hardiness.min' is empty — setting to null.
DEBUG | id=10048 (Mountain Stitchwort): 'hardiness.max' is empty — setting to null.
DEBUG | id=10049 (Serpentine Stitchwort): 'hardiness.min' is empty — setting to null.
DEBUG | id=10049 (Serpentine Stitchwort): 'hardiness.max' is empty — setting to null.
DEBUG | id=10050 (Twinflower Stitchwort): 'hardiness.min' is empty — setting to null.
DEBUG | id=10050 (Twinflower Stitchwort): 'hardiness.max' is empty — setting to null.
DEBUG | id=10051 (Yukon Stitchwort): 'hardiness.min' is empty — setting to null.
DEBUG | id=10051 (Yukon Stitchwort): 'hardiness.max' is empty — setting to null.
DEBUG | id=10052 (Spotted Wintergreen): 'hardiness.min' is empty — setting to null.
DEBUG | id=10052 (Spotted Wintergreen): 'hardiness.max' is empty — setting to null.
DEBUG | id=10053 (Common Wintergreen): 'hardiness.min' is empty — setting to null.
DEBUG | id=10053 (Common Wintergreen): 'hardiness.max' is empty — setting to null.
DEBUG | id=10054 (Common Pipsissewa): 'hardiness.min' is empty — setting to null.
DEBUG | id=10054 (Common Pipsissewa): 'hardiness.max' is empty — setting to null.
DEBUG | id=10055 (Blue Mustard): 'hardiness.min' is empty — setting to null.
DEBUG | id=10055 (Blue Mustard): 'hardiness.max' is empty — setting to null.
DEBUG | id=10056 (American Golden Saxifrage): 'hardiness.min' is empty — setting to null.
DEBUG | id=10056 (American Golden Saxifrage): 'hardiness.max' is empty — setting to null.
DEBUG | id=10057 (Iowa Golden Saxifrage): 'hardiness.min' is empty — setting to null.
DEBUG | id=10057 (Iowa Golden Saxifrage): 'hardiness.max' is empty — setting to null.
DEBUG | id=10058 (Rosendahl's Golden-Saxifrage): 'hardiness.min' is empty — setting to null.
DEBUG | id=10058 (Rosendahl's Golden-Saxifrage): 'hardiness.max' is empty — setting to null.
DEBUG | id=10059 (Northern Golden Carpet): 'hardiness.min' is empty — setting to null.
DEBUG | id=10059 (Northern Golden Carpet): 'hardiness.max' is empty — setting to null.
DEBUG | id=10060 (Wright's Golden Saxifrage): 'hardiness.min' is empty — setting to null.
DEBUG | id=10060 (Wright's Golden Saxifrage): 'hardiness.max' is empty — setting to null.
DEBUG | id=10061 (Greenleaf Rabbit Brush): 'hardiness.min' is empty — setting to null.
DEBUG | id=10061 (Greenleaf Rabbit Brush): 'hardiness.max' is empty — setting to null.
DEBUG | id=10062 (Green Rabbit Brush): 'hardiness.min' is empty — setting to null.
DEBUG | id=10062 (Green Rabbit Brush): 'hardiness.max' is empty — setting to null.
DEBUG | id=10063 (Chick Pea): 'hardiness.min' is empty — setting to null.
DEBUG | id=10063 (Chick Pea): 'hardiness.max' is empty — setting to null.
DEBUG | id=10064 (Bulb Bearing Water Hemlock): 'hardiness.min' is empty — setting to null.
DEBUG | id=10064 (Bulb Bearing Water Hemlock): 'hardiness.max' is empty — setting to null.
DEBUG | id=10065 (Douglas' Water Hemlock): 'hardiness.min' is empty — setting to null.
DEBUG | id=10065 (Douglas' Water Hemlock): 'hardiness.max' is empty — setting to null.
DEBUG | id=10066 (Spotted Water Hemlock): 'hardiness.min' is empty — setting to null.
DEBUG | id=10066 (Spotted Water Hemlock): 'hardiness.max' is empty — setting to null.
DEBUG | id=10067 (Spotted Water Hemlock): 'hardiness.min' is empty — setting to null.
DEBUG | id=10067 (Spotted Water Hemlock): 'hardiness.max' is empty — setting to null.
DEBUG | id=10068 (Smaller Enchanter's Nightshade): 'hardiness.min' is empty — setting to null.
DEBUG | id=10068 (Smaller Enchanter's Nightshade): 'hardiness.max' is empty — setting to null.
DEBUG | id=10069 (Enchanter's Nightshade): 'hardiness.min' is empty — setting to null.
DEBUG | id=10069 (Enchanter's Nightshade): 'hardiness.max' is empty — setting to null.
DEBUG | id=10070 (Canada Enchanter's Nightshade): 'hardiness.min' is empty — setting to null.
DEBUG | id=10070 (Canada Enchanter's Nightshade): 'hardiness.max' is empty — setting to null.
DEBUG | id=10071 (Intermediate Enchanter's Nightshade): 'hardiness.min' is empty — setting to null.
DEBUG | id=10071 (Intermediate Enchanter's Nightshade): 'hardiness.max' is empty — setting to null.
DEBUG | id=10072 (Canada Thistle): 'hardiness.min' is empty — setting to null.
DEBUG | id=10072 (Canada Thistle): 'hardiness.max' is empty — setting to null.
DEBUG | id=10073 (Short Styled Thistle): 'hardiness.min' is empty — setting to null.
DEBUG | id=10073 (Short Styled Thistle): 'hardiness.max' is empty — setting to null.
DEBUG | id=10074 (Prairie Thistle): 'hardiness.min' is empty — setting to null.
DEBUG | id=10074 (Prairie Thistle): 'hardiness.max' is empty — setting to null.
DEBUG | id=10075 (Field Thistle): 'hardiness.min' is empty — setting to null.
DEBUG | id=10075 (Field Thistle): 'hardiness.max' is empty — setting to null.
DEBUG | id=10076 (Drummond's Thistle): 'hardiness.min' is empty — setting to null.
DEBUG | id=10076 (Drummond's Thistle): 'hardiness.max' is empty — setting to null.
DEBUG | id=10078 (Edible Thistle): 'hardiness.min' is empty — setting to null.
DEBUG | id=10078 (Edible Thistle): 'hardiness.max' is empty — setting to null.
DEBUG | id=10079 (Leafy Thistle): 'hardiness.min' is empty — setting to null.
DEBUG | id=10079 (Leafy Thistle): 'hardiness.max' is empty — setting to null.
DEBUG | id=10080 (Melancholy Thistle): 'hardiness.min' is empty — setting to null.
DEBUG | id=10080 (Melancholy Thistle): 'hardiness.max' is empty — setting to null.
DEBUG | id=10081 (Swamp Thistle): 'hardiness.min' is empty — setting to null.
DEBUG | id=10081 (Swamp Thistle): 'hardiness.max' is empty — setting to null.
DEBUG | id=10082 (Marsh Thistle): 'hardiness.min' is empty — setting to null.
DEBUG | id=10082 (Marsh Thistle): 'hardiness.max' is empty — setting to null.
DEBUG | id=10083 (Pitcher's Thistle): 'hardiness.min' is empty — setting to null.
DEBUG | id=10083 (Pitcher's Thistle): 'hardiness.max' is empty — setting to null.
DEBUG | id=10084 (Pasture Thistle): 'hardiness.min' is empty — setting to null.
DEBUG | id=10084 (Pasture Thistle): 'hardiness.max' is empty — setting to null.
DEBUG | id=10085 (Hill's Thistle): 'hardiness.min' is empty — setting to null.
DEBUG | id=10085 (Hill's Thistle): 'hardiness.max' is empty — setting to null.
DEBUG | id=10086 (Meadow Thistle): 'hardiness.min' is empty — setting to null.
DEBUG | id=10086 (Meadow Thistle): 'hardiness.max' is empty — setting to null.
DEBUG | id=10087 (Meadow Thistle): 'hardiness.min' is empty — setting to null.
DEBUG | id=10087 (Meadow Thistle): 'hardiness.max' is empty — setting to null.
DEBUG | id=10088 (Wavy Leaved Thistle): 'hardiness.min' is empty — setting to null.
DEBUG | id=10088 (Wavy Leaved Thistle): 'hardiness.max' is empty — setting to null.
DEBUG | id=10089 (Bull Thistle): 'hardiness.min' is empty — setting to null.
DEBUG | id=10089 (Bull Thistle): 'hardiness.max' is empty — setting to null.
DEBUG | id=10090 (Vancouver Thistle): 'hardiness.min' is empty — setting to null.
DEBUG | id=10090 (Vancouver Thistle): 'hardiness.max' is empty — setting to null.
DEBUG | id=10091 (Pussypaws): 'hardiness.min' is empty — setting to null.
DEBUG | id=10091 (Pussypaws): 'hardiness.max' is empty — setting to null.
DEBUG | id=10092 (Pink Rockrose): 'hardiness.min' is empty — setting to null.
DEBUG | id=10092 (Pink Rockrose): 'hardiness.max' is empty — setting to null.
DEBUG | id=10093 (Colocynth): 'hardiness.min' is empty — setting to null.
DEBUG | id=10093 (Colocynth): 'hardiness.max' is empty — setting to null.
DEBUG | id=10094 (Watermelon): 'hardiness.min' is empty — setting to null.
DEBUG | id=10094 (Watermelon): 'hardiness.max' is empty — setting to null.
DEBUG | id=10095 (Weedy Dog-Fennel): 'hardiness.min' is empty — setting to null.
DEBUG | id=10095 (Weedy Dog-Fennel): 'hardiness.max' is empty — setting to null.
DEBUG | id=10096 (Twig Rush): 'hardiness.min' is empty — setting to null.
DEBUG | id=10096 (Twig Rush): 'hardiness.max' is empty — setting to null.
DEBUG | id=10098 (Northwestern Clarkie): 'hardiness.min' is empty — setting to null.
DEBUG | id=10098 (Northwestern Clarkie): 'hardiness.max' is empty — setting to null.
DEBUG | id=10099 (Lindley Clarkie): 'hardiness.min' is empty — setting to null.
DEBUG | id=10099 (Lindley Clarkie): 'hardiness.max' is empty — setting to null.
DEBUG | id=10100 (Slender Clarkia): 'hardiness.min' is empty — setting to null.
DEBUG | id=10100 (Slender Clarkia): 'hardiness.max' is empty — setting to null.
DEBUG | id=10101 (Pink Fairies): 'hardiness.min' is empty — setting to null.
DEBUG | id=10101 (Pink Fairies): 'hardiness.max' is empty — setting to null.
DEBUG | id=10102 (Small Flowered Godetia): 'hardiness.min' is empty — setting to null.
DEBUG | id=10102 (Small Flowered Godetia): 'hardiness.max' is empty — setting to null.
DEBUG | id=2382 (carnation): 'hardiness.min' is empty — setting to null.
DEBUG | id=2382 (carnation): 'hardiness.max' is empty — setting to null.
DEBUG | id=3894 (hosta): 'hardiness.min' is empty — setting to null.
DEBUG | id=3894 (hosta): 'hardiness.max' is empty — setting to null.
DEBUG | id=4625 (lettuce): 'hardiness.min' is empty — setting to null.
DEBUG | id=4625 (lettuce): 'hardiness.max' is empty — setting to null.
DEBUG | id=5441 (five spot): 'hardiness.min' is empty — setting to null.
DEBUG | id=5441 (five spot): 'hardiness.max' is empty — setting to null.
DEBUG | id=6285 (shrubby cinquefoil): 'hardiness.min' is empty — setting to null.
DEBUG | id=6285 (shrubby cinquefoil): 'hardiness.max' is empty — setting to null.
DEBUG | id=6649 (rhododendron): 'hardiness.min' is empty — setting to null.
DEBUG | id=6649 (rhododendron): 'hardiness.max' is empty — setting to null.
DEBUG | id=6987 (black-eyed Susan): 'hardiness.min' is empty — setting to null.
DEBUG | id=6987 (black-eyed Susan): 'hardiness.max' is empty — setting to null.
DEBUG | id=7223 (pincushion flower): 'hardiness.min' is empty — setting to null.
DEBUG | id=7223 (pincushion flower): 'hardiness.max' is empty — setting to null.
DEBUG | id=8423 (Alderleaf Buckthorn): 'hardiness.min' is empty — setting to null.
DEBUG | id=8423 (Alderleaf Buckthorn): 'hardiness.max' is empty — setting to null.
DEBUG | id=8424 (American Bugleweed): 'hardiness.min' is empty — setting to null.
DEBUG | id=8424 (American Bugleweed): 'hardiness.max' is empty — setting to null.
DEBUG | id=8425 (American Green Alder): 'hardiness.min' is empty — setting to null.
DEBUG | id=8425 (American Green Alder): 'hardiness.max' is empty — setting to null.
DEBUG | id=8426 (Baldhip Rose): 'hardiness.min' is empty — setting to null.
DEBUG | id=8426 (Baldhip Rose): 'hardiness.max' is empty — setting to null.
DEBUG | id=8427 (Balsam Poplar): 'hardiness.min' is empty — setting to null.
DEBUG | id=8427 (Balsam Poplar): 'hardiness.max' is empty — setting to null.
DEBUG | id=8428 (Beaked Hazel): 'hardiness.min' is empty — setting to null.
DEBUG | id=8428 (Beaked Hazel): 'hardiness.max' is empty — setting to null.
DEBUG | id=8429 (Bebb Willow): 'hardiness.min' is empty — setting to null.
DEBUG | id=8429 (Bebb Willow): 'hardiness.max' is empty — setting to null.
DEBUG | id=8430 (Black Huckleberry): 'hardiness.min' is empty — setting to null.
DEBUG | id=8430 (Black Huckleberry): 'hardiness.max' is empty — setting to null.
DEBUG | id=8431 (Black Raspberry): 'hardiness.min' is empty — setting to null.
DEBUG | id=8431 (Black Raspberry): 'hardiness.max' is empty — setting to null.
DEBUG | id=8432 (Blue Elderberry): 'hardiness.min' is empty — setting to null.
DEBUG | id=8432 (Blue Elderberry): 'hardiness.max' is empty — setting to null.
DEBUG | id=8433 (Blue Eyed Grass): 'hardiness.min' is empty — setting to null.
DEBUG | id=8433 (Blue Eyed Grass): 'hardiness.max' is empty — setting to null.
DEBUG | id=8434 (Bog Birch): 'hardiness.min' is empty — setting to null.
DEBUG | id=8434 (Bog Birch): 'hardiness.max' is empty — setting to null.
DEBUG | id=8435 (Bog Laurel): 'hardiness.min' is empty — setting to null.
DEBUG | id=8435 (Bog Laurel): 'hardiness.max' is empty — setting to null.
DEBUG | id=8437 (Broad Leaf Stonecrop): 'hardiness.min' is empty — setting to null.
DEBUG | id=8437 (Broad Leaf Stonecrop): 'hardiness.max' is empty — setting to null.
DEBUG | id=8438 (Canada Mayflower): 'hardiness.min' is empty — setting to null.
DEBUG | id=8438 (Canada Mayflower): 'hardiness.max' is empty — setting to null.
DEBUG | id=8439 (Canada plum): 'hardiness.min' is empty — setting to null.
DEBUG | id=8439 (Canada plum): 'hardiness.max' is empty — setting to null.
DEBUG | id=8440 (Canada Rosebay/ Rhodora): 'hardiness.min' is empty — setting to null.
DEBUG | id=8440 (Canada Rosebay/ Rhodora): 'hardiness.max' is empty — setting to null.
DEBUG | id=8441 (Canada Yew): 'hardiness.min' is empty — setting to null.
DEBUG | id=8441 (Canada Yew): 'hardiness.max' is empty — setting to null.
DEBUG | id=8443 (Canadian Gooseberry): 'hardiness.min' is empty — setting to null.
DEBUG | id=8443 (Canadian Gooseberry): 'hardiness.max' is empty — setting to null.
DEBUG | id=8444 (Cascara): 'hardiness.min' is empty — setting to null.
DEBUG | id=8444 (Cascara): 'hardiness.max' is empty — setting to null.
DEBUG | id=8445 (Clustered Wild Rose): 'hardiness.min' is empty — setting to null.
DEBUG | id=8445 (Clustered Wild Rose): 'hardiness.max' is empty — setting to null.
DEBUG | id=8446 (Common Blackberry): 'hardiness.min' is empty — setting to null.
DEBUG | id=8446 (Common Blackberry): 'hardiness.max' is empty — setting to null.
DEBUG | id=8448 (Common Woolly Sunflower): 'hardiness.min' is empty — setting to null.
DEBUG | id=8448 (Common Woolly Sunflower): 'hardiness.max' is empty — setting to null.
DEBUG | id=8449 (Common Yellow Monkey flower): 'hardiness.min' is empty — setting to null.
DEBUG | id=8449 (Common Yellow Monkey flower): 'hardiness.max' is empty — setting to null.
DEBUG | id=8450 (Cut-Leaved Anemone): 'hardiness.min' is empty — setting to null.
DEBUG | id=8450 (Cut-Leaved Anemone): 'hardiness.max' is empty — setting to null.
DEBUG | id=8453 (Dotted Blazing Star): 'hardiness.min' is empty — setting to null.
DEBUG | id=8453 (Dotted Blazing Star): 'hardiness.max' is empty — setting to null.
DEBUG | id=8454 (Douglas Maple): 'hardiness.min' is empty — setting to null.
DEBUG | id=8454 (Douglas Maple): 'hardiness.max' is empty — setting to null.
DEBUG | id=8455 (Dwarf Birch): 'hardiness.min' is empty — setting to null.
DEBUG | id=8455 (Dwarf Birch): 'hardiness.max' is empty — setting to null.
DEBUG | id=8456 (Early Blue Violet): 'hardiness.min' is empty — setting to null.
DEBUG | id=8456 (Early Blue Violet): 'hardiness.max' is empty — setting to null.
DEBUG | id=8457 (Hairy Beardtongue): 'hardiness.min' is empty — setting to null.
DEBUG | id=8457 (Hairy Beardtongue): 'hardiness.max' is empty — setting to null.
DEBUG | id=8458 (Holly Leaved Barberry): 'hardiness.min' is empty — setting to null.
DEBUG | id=8458 (Holly Leaved Barberry): 'hardiness.max' is empty — setting to null.
DEBUG | id=8459 (Meadow Willow): 'hardiness.min' is empty — setting to null.
DEBUG | id=8459 (Meadow Willow): 'hardiness.max' is empty — setting to null.
DEBUG | id=8461 (Northern bugleweed): 'hardiness.min' is empty — setting to null.
DEBUG | id=8461 (Northern bugleweed): 'hardiness.max' is empty — setting to null.
DEBUG | id=8462 (Orange Honeysuckle): 'hardiness.min' is empty — setting to null.
DEBUG | id=8462 (Orange Honeysuckle): 'hardiness.max' is empty — setting to null.
DEBUG | id=8463 (Oregon Ash): 'hardiness.min' is empty — setting to null.
DEBUG | id=8463 (Oregon Ash): 'hardiness.max' is empty — setting to null.
DEBUG | id=8464 (Pin Cherry): 'hardiness.min' is empty — setting to null.
DEBUG | id=8464 (Pin Cherry): 'hardiness.max' is empty — setting to null.
DEBUG | id=8465 (Pink Lady’s Slipper): 'hardiness.min' is empty — setting to null.
DEBUG | id=8465 (Pink Lady’s Slipper): 'hardiness.max' is empty — setting to null.
DEBUG | id=8468 (Riverbank Grape): 'hardiness.min' is empty — setting to null.
DEBUG | id=8468 (Riverbank Grape): 'hardiness.max' is empty — setting to null.
DEBUG | id=8469 (Sandbar Willow): 'hardiness.min' is empty — setting to null.
DEBUG | id=8469 (Sandbar Willow): 'hardiness.max' is empty — setting to null.
DEBUG | id=8470 (Showy Locoweed): 'hardiness.min' is empty — setting to null.
DEBUG | id=8470 (Showy Locoweed): 'hardiness.max' is empty — setting to null.
DEBUG | id=8471 (Showy Tick Trefoil): 'hardiness.min' is empty — setting to null.
DEBUG | id=8471 (Showy Tick Trefoil): 'hardiness.max' is empty — setting to null.
DEBUG | id=8473 (Strawberry Leaf Raspberry): 'hardiness.min' is empty — setting to null.
DEBUG | id=8473 (Strawberry Leaf Raspberry): 'hardiness.max' is empty — setting to null.
DEBUG | id=8475 (Trailing Arbutus): 'hardiness.min' is empty — setting to null.
DEBUG | id=8475 (Trailing Arbutus): 'hardiness.max' is empty — setting to null.
DEBUG | id=8477 (Wood Lily): 'hardiness.min' is empty — setting to null.
DEBUG | id=8477 (Wood Lily): 'hardiness.max' is empty — setting to null.
DEBUG | id=8481 (Douglas maple): 'hardiness.min' is empty — setting to null.
DEBUG | id=8481 (Douglas maple): 'hardiness.max' is empty — setting to null.
WARNING | id=8607 (cow parsnip): 'scientific_name' has 2 values ['Heracleum lanatum ( syn. of H. sphondylium montanum', ' H. maximum )']; using first.
DEBUG | id=8798 (Velvetleaf): 'hardiness.min' is empty — setting to null.
DEBUG | id=8798 (Velvetleaf): 'hardiness.max' is empty — setting to null.
DEBUG | id=8800 (Hispid Starburr): 'hardiness.min' is empty — setting to null.
DEBUG | id=8800 (Hispid Starburr): 'hardiness.max' is empty — setting to null.
DEBUG | id=8803 (Siberian Yarrow): 'hardiness.min' is empty — setting to null.
DEBUG | id=8803 (Siberian Yarrow): 'hardiness.max' is empty — setting to null.
DEBUG | id=8805 (Woolly Yarrow): 'hardiness.min' is empty — setting to null.
DEBUG | id=8805 (Woolly Yarrow): 'hardiness.max' is empty — setting to null.
DEBUG | id=8806 (Large Headed Woolly Yarrow): 'hardiness.min' is empty — setting to null.
DEBUG | id=8806 (Large Headed Woolly Yarrow): 'hardiness.max' is empty — setting to null.
DEBUG | id=8807 (Bristly Yarrow): 'hardiness.min' is empty — setting to null.
DEBUG | id=8807 (Bristly Yarrow): 'hardiness.max' is empty — setting to null.
DEBUG | id=8809 (Lemmon's Needlegrass): 'hardiness.min' is empty — setting to null.
DEBUG | id=8809 (Lemmon's Needlegrass): 'hardiness.max' is empty — setting to null.
DEBUG | id=8810 (Columbia Needlegrass): 'hardiness.min' is empty — setting to null.
DEBUG | id=8810 (Columbia Needlegrass): 'hardiness.max' is empty — setting to null.
DEBUG | id=8811 (Dore's Needlegrass): 'hardiness.min' is empty — setting to null.
DEBUG | id=8811 (Dore's Needlegrass): 'hardiness.max' is empty — setting to null.
DEBUG | id=8812 (Western Needlegrass): 'hardiness.min' is empty — setting to null.
DEBUG | id=8812 (Western Needlegrass): 'hardiness.max' is empty — setting to null.
DEBUG | id=8813 (California Needlegrass): 'hardiness.min' is empty — setting to null.
DEBUG | id=8813 (California Needlegrass): 'hardiness.max' is empty — setting to null.
DEBUG | id=8814 (Common Western Needlegrass): 'hardiness.min' is empty — setting to null.
DEBUG | id=8814 (Common Western Needlegrass): 'hardiness.max' is empty — setting to null.
DEBUG | id=8815 (Thurber's Needlegrass): 'hardiness.min' is empty — setting to null.
DEBUG | id=8815 (Thurber's Needlegrass): 'hardiness.max' is empty — setting to null.
DEBUG | id=8816 (American Bird's-Foot Trefoil): 'hardiness.min' is empty — setting to null.
DEBUG | id=8816 (American Bird's-Foot Trefoil): 'hardiness.max' is empty — setting to null.
DEBUG | id=8817 (Riverbar Bird's-Foot Trefoil): 'hardiness.min' is empty — setting to null.
DEBUG | id=8817 (Riverbar Bird's-Foot Trefoil): 'hardiness.max' is empty — setting to null.
DEBUG | id=8818 (Nevada Bird's-Foot Trefoil): 'hardiness.min' is empty — setting to null.
DEBUG | id=8818 (Nevada Bird's-Foot Trefoil): 'hardiness.max' is empty — setting to null.
DEBUG | id=8819 (Nevada Bird's-Foot Trefoil): 'hardiness.min' is empty — setting to null.
DEBUG | id=8819 (Nevada Bird's-Foot Trefoil): 'hardiness.max' is empty — setting to null.
DEBUG | id=8820 (Small-Flowered Bird's-Foot Trefoil): 'hardiness.min' is empty — setting to null.
DEBUG | id=8820 (Small-Flowered Bird's-Foot Trefoil): 'hardiness.max' is empty — setting to null.
DEBUG | id=8821 (Columbian Monkshood): 'hardiness.min' is empty — setting to null.
DEBUG | id=8821 (Columbian Monkshood): 'hardiness.max' is empty — setting to null.
DEBUG | id=8822 (Columbia Monkshood): 'hardiness.min' is empty — setting to null.
DEBUG | id=8822 (Columbia Monkshood): 'hardiness.max' is empty — setting to null.
DEBUG | id=8823 (Larkspurleaf Monkshood): 'hardiness.min' is empty — setting to null.
DEBUG | id=8823 (Larkspurleaf Monkshood): 'hardiness.max' is empty — setting to null.
DEBUG | id=8824 (Aconit Paradoxal): 'hardiness.min' is empty — setting to null.
DEBUG | id=8824 (Aconit Paradoxal): 'hardiness.max' is empty — setting to null.
DEBUG | id=8825 (Bicoloured Monkshood): 'hardiness.min' is empty — setting to null.
DEBUG | id=8825 (Bicoloured Monkshood): 'hardiness.max' is empty — setting to null.
DEBUG | id=8826 (Sweetflag): 'hardiness.min' is empty — setting to null.
DEBUG | id=8826 (Sweetflag): 'hardiness.max' is empty — setting to null.
DEBUG | id=8827 (Tall Bugbane): 'hardiness.min' is empty — setting to null.
DEBUG | id=8827 (Tall Bugbane): 'hardiness.max' is empty — setting to null.
DEBUG | id=8828 (Red Baneberry): 'hardiness.min' is empty — setting to null.
DEBUG | id=8828 (Red Baneberry): 'hardiness.max' is empty — setting to null.
DEBUG | id=8829 (Red Baneberry): 'hardiness.min' is empty — setting to null.
DEBUG | id=8829 (Red Baneberry): 'hardiness.max' is empty — setting to null.
DEBUG | id=8830 (Actée De Louis-Marie): 'hardiness.min' is empty — setting to null.
DEBUG | id=8830 (Actée De Louis-Marie): 'hardiness.max' is empty — setting to null.
DEBUG | id=8831 (Trailplant): 'hardiness.min' is empty — setting to null.
DEBUG | id=8831 (Trailplant): 'hardiness.max' is empty — setting to null.
DEBUG | id=8833 (Dwarf Coastal Maidenhair Fern): 'hardiness.min' is empty — setting to null.
DEBUG | id=8833 (Dwarf Coastal Maidenhair Fern): 'hardiness.max' is empty — setting to null.
DEBUG | id=8835 (Muskroot): 'hardiness.min' is empty — setting to null.
DEBUG | id=8835 (Muskroot): 'hardiness.max' is empty — setting to null.
DEBUG | id=8836 (Painted Buckeye): 'hardiness.min' is empty — setting to null.
DEBUG | id=8836 (Painted Buckeye): 'hardiness.max' is empty — setting to null.
DEBUG | id=8837 (Rough Purple False Foxglove): 'hardiness.min' is empty — setting to null.
DEBUG | id=8837 (Rough Purple False Foxglove): 'hardiness.max' is empty — setting to null.
DEBUG | id=8838 (Gattinger's Agalinis): 'hardiness.min' is empty — setting to null.
DEBUG | id=8838 (Gattinger's Agalinis): 'hardiness.max' is empty — setting to null.
DEBUG | id=8839 (Saltmarsh Agalinis): 'hardiness.min' is empty — setting to null.
DEBUG | id=8839 (Saltmarsh Agalinis): 'hardiness.max' is empty — setting to null.
DEBUG | id=8842 (Small-Flowered Agalinis): 'hardiness.min' is empty — setting to null.
DEBUG | id=8842 (Small-Flowered Agalinis): 'hardiness.max' is empty — setting to null.
DEBUG | id=8843 (Skinner's Agalinis): 'hardiness.min' is empty — setting to null.
DEBUG | id=8843 (Skinner's Agalinis): 'hardiness.max' is empty — setting to null.
DEBUG | id=8845 (Nettle-Leaved Giant Hyssop): 'hardiness.min' is empty — setting to null.
DEBUG | id=8845 (Nettle-Leaved Giant Hyssop): 'hardiness.max' is empty — setting to null.
DEBUG | id=8846 (Orange Agoseris): 'hardiness.min' is empty — setting to null.
DEBUG | id=8846 (Orange Agoseris): 'hardiness.max' is empty — setting to null.
DEBUG | id=8847 (Pale Agoseris): 'hardiness.min' is empty — setting to null.
DEBUG | id=8847 (Pale Agoseris): 'hardiness.max' is empty — setting to null.
DEBUG | id=8848 (Pale False Dandelion): 'hardiness.min' is empty — setting to null.
DEBUG | id=8848 (Pale False Dandelion): 'hardiness.max' is empty — setting to null.
DEBUG | id=8849 (Large Flowered Agoseris): 'hardiness.min' is empty — setting to null.
DEBUG | id=8849 (Large Flowered Agoseris): 'hardiness.max' is empty — setting to null.
DEBUG | id=8850 (Annual Agoseris): 'hardiness.min' is empty — setting to null.
DEBUG | id=8850 (Annual Agoseris): 'hardiness.max' is empty — setting to null.
DEBUG | id=8851 (Annual Agoseris): 'hardiness.min' is empty — setting to null.
DEBUG | id=8851 (Annual Agoseris): 'hardiness.max' is empty — setting to null.
DEBUG | id=8852 (Hybrid Field Agoseris): 'hardiness.min' is empty — setting to null.
DEBUG | id=8852 (Hybrid Field Agoseris): 'hardiness.max' is empty — setting to null.
DEBUG | id=8853 (Willamette Agoseris): 'hardiness.min' is empty — setting to null.
DEBUG | id=8853 (Willamette Agoseris): 'hardiness.max' is empty — setting to null.
DEBUG | id=8854 (European Agrimony): 'hardiness.min' is empty — setting to null.
DEBUG | id=8854 (European Agrimony): 'hardiness.max' is empty — setting to null.
DEBUG | id=8855 (Small Flower Groovebur): 'hardiness.min' is empty — setting to null.
DEBUG | id=8855 (Small Flower Groovebur): 'hardiness.max' is empty — setting to null.
DEBUG | id=8856 (Creeping Agrimony): 'hardiness.min' is empty — setting to null.
DEBUG | id=8856 (Creeping Agrimony): 'hardiness.max' is empty — setting to null.
DEBUG | id=8857 (Crested Wheat Grass): 'hardiness.min' is empty — setting to null.
DEBUG | id=8857 (Crested Wheat Grass): 'hardiness.max' is empty — setting to null.
DEBUG | id=8858 (Crested Wheat Grass): 'hardiness.min' is empty — setting to null.
DEBUG | id=8858 (Crested Wheat Grass): 'hardiness.max' is empty — setting to null.
DEBUG | id=8859 (Common Corncockle): 'hardiness.min' is empty — setting to null.
DEBUG | id=8859 (Common Corncockle): 'hardiness.max' is empty — setting to null.
DEBUG | id=8860 (Velvet Bentgrass): 'hardiness.min' is empty — setting to null.
DEBUG | id=8860 (Velvet Bentgrass): 'hardiness.max' is empty — setting to null.
DEBUG | id=8861 (Colonial Bentgrass): 'hardiness.min' is empty — setting to null.
DEBUG | id=8861 (Colonial Bentgrass): 'hardiness.max' is empty — setting to null.
DEBUG | id=8862 (Spike Bentgrass): 'hardiness.min' is empty — setting to null.
DEBUG | id=8862 (Spike Bentgrass): 'hardiness.max' is empty — setting to null.
DEBUG | id=8863 (Redtop): 'hardiness.min' is empty — setting to null.
DEBUG | id=8863 (Redtop): 'hardiness.max' is empty — setting to null.
DEBUG | id=8864 (Idaho Bentgrass): 'hardiness.min' is empty — setting to null.
DEBUG | id=8864 (Idaho Bentgrass): 'hardiness.max' is empty — setting to null.
DEBUG | id=8865 (Arctic Bentgrass): 'hardiness.min' is empty — setting to null.
DEBUG | id=8865 (Arctic Bentgrass): 'hardiness.max' is empty — setting to null.
DEBUG | id=8866 (Oregon Bentgrass): 'hardiness.min' is empty — setting to null.
DEBUG | id=8866 (Oregon Bentgrass): 'hardiness.max' is empty — setting to null.
DEBUG | id=8867 (Perennial Bentgrass): 'hardiness.min' is empty — setting to null.
DEBUG | id=8867 (Perennial Bentgrass): 'hardiness.max' is empty — setting to null.
DEBUG | id=8868 (Rough Hair Grass): 'hardiness.min' is empty — setting to null.
DEBUG | id=8868 (Rough Hair Grass): 'hardiness.max' is empty — setting to null.
DEBUG | id=8869 (Spreading Bentgrass): 'hardiness.min' is empty — setting to null.
DEBUG | id=8869 (Spreading Bentgrass): 'hardiness.max' is empty — setting to null.
DEBUG | id=8870 (Brown Bentgrass): 'hardiness.min' is empty — setting to null.
DEBUG | id=8870 (Brown Bentgrass): 'hardiness.max' is empty — setting to null.
DEBUG | id=8871 (Early Hairgrass): 'hardiness.min' is empty — setting to null.
DEBUG | id=8871 (Early Hairgrass): 'hardiness.max' is empty — setting to null.
DEBUG | id=8872 (Turkish Hollyhock): 'hardiness.min' is empty — setting to null.
DEBUG | id=8872 (Turkish Hollyhock): 'hardiness.max' is empty — setting to null.
DEBUG | id=8873 (Thin-Stemmed Lady's Mantle): 'hardiness.min' is empty — setting to null.
DEBUG | id=8873 (Thin-Stemmed Lady's Mantle): 'hardiness.max' is empty — setting to null.
DEBUG | id=8874 (Small Lady's Mantle): 'hardiness.min' is empty — setting to null.
DEBUG | id=8874 (Small Lady's Mantle): 'hardiness.max' is empty — setting to null.
DEBUG | id=8875 (Smooth Lady's Mantle): 'hardiness.min' is empty — setting to null.
DEBUG | id=8875 (Smooth Lady's Mantle): 'hardiness.max' is empty — setting to null.
DEBUG | id=8876 (Waxy Lady's Mantle): 'hardiness.min' is empty — setting to null.
DEBUG | id=8876 (Waxy Lady's Mantle): 'hardiness.max' is empty — setting to null.
DEBUG | id=8877 (Clustered Lady's Mantle): 'hardiness.min' is empty — setting to null.
DEBUG | id=8877 (Clustered Lady's Mantle): 'hardiness.max' is empty — setting to null.
DEBUG | id=8878 (Broad Tooth Lady's Mantle): 'hardiness.min' is empty — setting to null.
DEBUG | id=8878 (Broad Tooth Lady's Mantle): 'hardiness.max' is empty — setting to null.
DEBUG | id=8879 (Rock Lady's Mantle): 'hardiness.min' is empty — setting to null.
DEBUG | id=8879 (Rock Lady's Mantle): 'hardiness.max' is empty — setting to null.
DEBUG | id=8880 (Colicroot): 'hardiness.min' is empty — setting to null.
DEBUG | id=8880 (Colicroot): 'hardiness.max' is empty — setting to null.
DEBUG | id=8881 (Narrow Leaf Water Plantain): 'hardiness.min' is empty — setting to null.
DEBUG | id=8881 (Narrow Leaf Water Plantain): 'hardiness.max' is empty — setting to null.
DEBUG | id=8882 (European Water-Plantain): 'hardiness.min' is empty — setting to null.
DEBUG | id=8882 (European Water-Plantain): 'hardiness.max' is empty — setting to null.
DEBUG | id=8883 (Broad Leaved Water Plantain): 'hardiness.min' is empty — setting to null.
DEBUG | id=8883 (Broad Leaved Water Plantain): 'hardiness.max' is empty — setting to null.
DEBUG | id=8884 (Strawberry Ground-Cherry): 'hardiness.min' is empty — setting to null.
DEBUG | id=8884 (Strawberry Ground-Cherry): 'hardiness.max' is empty — setting to null.
DEBUG | id=8886 (Canada Garlic): 'hardiness.min' is empty — setting to null.
DEBUG | id=8886 (Canada Garlic): 'hardiness.max' is empty — setting to null.
DEBUG | id=8887 (Geyer's Onion): 'hardiness.min' is empty — setting to null.
DEBUG | id=8887 (Geyer's Onion): 'hardiness.max' is empty — setting to null.
DEBUG | id=8888 (Field Garlic): 'hardiness.min' is empty — setting to null.
DEBUG | id=8888 (Field Garlic): 'hardiness.max' is empty — setting to null.
DEBUG | id=8889 (Wild Chives): 'hardiness.min' is empty — setting to null.
DEBUG | id=8889 (Wild Chives): 'hardiness.max' is empty — setting to null.
DEBUG | id=8890 (Small White Leek): 'hardiness.min' is empty — setting to null.
DEBUG | id=8890 (Small White Leek): 'hardiness.max' is empty — setting to null.
DEBUG | id=8891 (Narrow-Leaved Wild Leek): 'hardiness.min' is empty — setting to null.
DEBUG | id=8891 (Narrow-Leaved Wild Leek): 'hardiness.max' is empty — setting to null.
DEBUG | id=8892 (Tall Swamp Onion): 'hardiness.min' is empty — setting to null.
DEBUG | id=8892 (Tall Swamp Onion): 'hardiness.max' is empty — setting to null.
DEBUG | id=8893 (Field Garlic): 'hardiness.min' is empty — setting to null.
DEBUG | id=8893 (Field Garlic): 'hardiness.max' is empty — setting to null.
DEBUG | id=8894 (Sugarstick): 'hardiness.min' is empty — setting to null.
DEBUG | id=8894 (Sugarstick): 'hardiness.max' is empty — setting to null.
DEBUG | id=8895 (Marsh Alkali Aster): 'hardiness.min' is empty — setting to null.
DEBUG | id=8895 (Marsh Alkali Aster): 'hardiness.max' is empty — setting to null.
DEBUG | id=8897 (Siberian Alder): 'hardiness.min' is empty — setting to null.
DEBUG | id=8897 (Siberian Alder): 'hardiness.max' is empty — setting to null.
DEBUG | id=8898 (Sitka Alder): 'hardiness.min' is empty — setting to null.
DEBUG | id=8898 (Sitka Alder): 'hardiness.max' is empty — setting to null.
DEBUG | id=8900 (Short Awn Foxtail): 'hardiness.min' is empty — setting to null.
DEBUG | id=8900 (Short Awn Foxtail): 'hardiness.max' is empty — setting to null.
DEBUG | id=8901 (Creeping Foxtail): 'hardiness.min' is empty — setting to null.
DEBUG | id=8901 (Creeping Foxtail): 'hardiness.max' is empty — setting to null.
DEBUG | id=8902 (Alpine Foxtail): 'hardiness.min' is empty — setting to null.
DEBUG | id=8902 (Alpine Foxtail): 'hardiness.max' is empty — setting to null.
DEBUG | id=8903 (Mouse Foxtail): 'hardiness.min' is empty — setting to null.
DEBUG | id=8903 (Mouse Foxtail): 'hardiness.max' is empty — setting to null.
DEBUG | id=8904 (Haussknecht's Foxtail): 'hardiness.min' is empty — setting to null.
DEBUG | id=8904 (Haussknecht's Foxtail): 'hardiness.max' is empty — setting to null.
DEBUG | id=8905 (Hairy Marsh Mallow): 'hardiness.min' is empty — setting to null.
DEBUG | id=8905 (Hairy Marsh Mallow): 'hardiness.max' is empty — setting to null.
DEBUG | id=8906 (Small Alyssum): 'hardiness.min' is empty — setting to null.
DEBUG | id=8906 (Small Alyssum): 'hardiness.max' is empty — setting to null.
DEBUG | id=8907 (White Pigweed): 'hardiness.min' is empty — setting to null.
DEBUG | id=8907 (White Pigweed): 'hardiness.max' is empty — setting to null.
DEBUG | id=8908 (Purple Amaranth): 'hardiness.min' is empty — setting to null.
DEBUG | id=8908 (Purple Amaranth): 'hardiness.max' is empty — setting to null.
DEBUG | id=8909 (Amarante Livide): 'hardiness.min' is empty — setting to null.
DEBUG | id=8909 (Amarante Livide): 'hardiness.max' is empty — setting to null.
DEBUG | id=8910 (Indented Amaranth): 'hardiness.min' is empty — setting to null.
DEBUG | id=8910 (Indented Amaranth): 'hardiness.max' is empty — setting to null.
DEBUG | id=8911 (California Amaranth): 'hardiness.min' is empty — setting to null.
DEBUG | id=8911 (California Amaranth): 'hardiness.max' is empty — setting to null.
DEBUG | id=8912 (Smooth Amaranth): 'hardiness.min' is empty — setting to null.
DEBUG | id=8912 (Smooth Amaranth): 'hardiness.max' is empty — setting to null.
DEBUG | id=8913 (Mucronate Amaranth): 'hardiness.min' is empty — setting to null.
DEBUG | id=8913 (Mucronate Amaranth): 'hardiness.max' is empty — setting to null.
DEBUG | id=8914 (Amaranth): 'hardiness.min' is empty — setting to null.
DEBUG | id=8914 (Amaranth): 'hardiness.max' is empty — setting to null.
DEBUG | id=8915 (Amaranth): 'hardiness.min' is empty — setting to null.
DEBUG | id=8915 (Amaranth): 'hardiness.max' is empty — setting to null.
DEBUG | id=8916 (Powell's Amaranth): 'hardiness.min' is empty — setting to null.
DEBUG | id=8916 (Powell's Amaranth): 'hardiness.max' is empty — setting to null.
DEBUG | id=8917 (Red Root Amaranth): 'hardiness.min' is empty — setting to null.
DEBUG | id=8917 (Red Root Amaranth): 'hardiness.max' is empty — setting to null.
DEBUG | id=8918 (Rough Fruit Amaranth): 'hardiness.min' is empty — setting to null.
DEBUG | id=8918 (Rough Fruit Amaranth): 'hardiness.max' is empty — setting to null.
DEBUG | id=8919 (Amarante Tuberculée): 'hardiness.min' is empty — setting to null.
DEBUG | id=8919 (Amarante Tuberculée): 'hardiness.max' is empty — setting to null.
DEBUG | id=8920 (Tropical Green Amaranth): 'hardiness.min' is empty — setting to null.
DEBUG | id=8920 (Tropical Green Amaranth): 'hardiness.max' is empty — setting to null.
DEBUG | id=8921 (Amaranth): 'hardiness.min' is empty — setting to null.
DEBUG | id=8921 (Amaranth): 'hardiness.max' is empty — setting to null.
DEBUG | id=8922 (Annual Ragweed): 'hardiness.min' is empty — setting to null.
DEBUG | id=8922 (Annual Ragweed): 'hardiness.max' is empty — setting to null.
DEBUG | id=8923 (Silver Burweed): 'hardiness.min' is empty — setting to null.
DEBUG | id=8923 (Silver Burweed): 'hardiness.max' is empty — setting to null.
DEBUG | id=8924 (Naked Spike Ambrosia): 'hardiness.min' is empty — setting to null.
DEBUG | id=8924 (Naked Spike Ambrosia): 'hardiness.max' is empty — setting to null.
DEBUG | id=8925 (Great Ragweed): 'hardiness.min' is empty — setting to null.
DEBUG | id=8925 (Great Ragweed): 'hardiness.max' is empty — setting to null.
DEBUG | id=8926 (Sainte-Hélène Island Ragweed): 'hardiness.min' is empty — setting to null.
DEBUG | id=8926 (Sainte-Hélène Island Ragweed): 'hardiness.max' is empty — setting to null.
DEBUG | id=8927 (Pacific Serviceberry): 'hardiness.min' is empty — setting to null.
DEBUG | id=8927 (Pacific Serviceberry): 'hardiness.max' is empty — setting to null.
DEBUG | id=8928 (Beautiful Serviceberry): 'hardiness.min' is empty — setting to null.
DEBUG | id=8928 (Beautiful Serviceberry): 'hardiness.max' is empty — setting to null.
DEBUG | id=8929 (Hybrid Serviceberry): 'hardiness.min' is empty — setting to null.
DEBUG | id=8929 (Hybrid Serviceberry): 'hardiness.max' is empty — setting to null.
DEBUG | id=8930 (Cusick's Serviceberry): 'hardiness.min' is empty — setting to null.
DEBUG | id=8930 (Cusick's Serviceberry): 'hardiness.max' is empty — setting to null.
DEBUG | id=8931 (Fernald Serviceberry): 'hardiness.min' is empty — setting to null.
DEBUG | id=8931 (Fernald Serviceberry): 'hardiness.max' is empty — setting to null.
DEBUG | id=8932 (Gaspé Serviceberry): 'hardiness.min' is empty — setting to null.
DEBUG | id=8932 (Gaspé Serviceberry): 'hardiness.max' is empty — setting to null.
DEBUG | id=8933 (Running Serviceberry): 'hardiness.min' is empty — setting to null.
DEBUG | id=8933 (Running Serviceberry): 'hardiness.max' is empty — setting to null.
DEBUG | id=8934 (Shadbush): 'hardiness.min' is empty — setting to null.
DEBUG | id=8934 (Shadbush): 'hardiness.max' is empty — setting to null.
DEBUG | id=8936 (Running Chuckleypear): 'hardiness.min' is empty — setting to null.
DEBUG | id=8936 (Running Chuckleypear): 'hardiness.max' is empty — setting to null.
DEBUG | id=8937 (Overlooked Serviceberry): 'hardiness.min' is empty — setting to null.
DEBUG | id=8937 (Overlooked Serviceberry): 'hardiness.max' is empty — setting to null.
DEBUG | id=8938 (Scarlet Ammannia): 'hardiness.min' is empty — setting to null.
DEBUG | id=8938 (Scarlet Ammannia): 'hardiness.max' is empty — setting to null.
DEBUG | id=8939 (Scarlett Ammannia): 'hardiness.min' is empty — setting to null.
DEBUG | id=8939 (Scarlett Ammannia): 'hardiness.max' is empty — setting to null.
DEBUG | id=8940 (European Beachgrass): 'hardiness.min' is empty — setting to null.
DEBUG | id=8940 (European Beachgrass): 'hardiness.max' is empty — setting to null.
DEBUG | id=8941 (European Beachgrass): 'hardiness.min' is empty — setting to null.
DEBUG | id=8941 (European Beachgrass): 'hardiness.max' is empty — setting to null.
DEBUG | id=8942 (American Beachgrass): 'hardiness.min' is empty — setting to null.
DEBUG | id=8942 (American Beachgrass): 'hardiness.max' is empty — setting to null.
DEBUG | id=8944 (American Hog Peanut): 'hardiness.min' is empty — setting to null.
DEBUG | id=8944 (American Hog Peanut): 'hardiness.max' is empty — setting to null.
DEBUG | id=8945 (Nevada Bulrush): 'hardiness.min' is empty — setting to null.
DEBUG | id=8945 (Nevada Bulrush): 'hardiness.max' is empty — setting to null.
DEBUG | id=8946 (Common Fiddleneck): 'hardiness.min' is empty — setting to null.
DEBUG | id=8946 (Common Fiddleneck): 'hardiness.max' is empty — setting to null.
DEBUG | id=8947 (Bugloss Fiddleneck): 'hardiness.min' is empty — setting to null.
DEBUG | id=8947 (Bugloss Fiddleneck): 'hardiness.max' is empty — setting to null.
DEBUG | id=8948 (Menzies' Fiddleneck): 'hardiness.min' is empty — setting to null.
DEBUG | id=8948 (Menzies' Fiddleneck): 'hardiness.max' is empty — setting to null.
DEBUG | id=8949 (Seaside Fiddleneck): 'hardiness.min' is empty — setting to null.
DEBUG | id=8949 (Seaside Fiddleneck): 'hardiness.max' is empty — setting to null.
DEBUG | id=8950 (Virginia Chain Fern): 'hardiness.min' is empty — setting to null.
DEBUG | id=8950 (Virginia Chain Fern): 'hardiness.max' is empty — setting to null.
DEBUG | id=8951 (Northern Wild Comfrey): 'hardiness.min' is empty — setting to null.
DEBUG | id=8951 (Northern Wild Comfrey): 'hardiness.max' is empty — setting to null.
DEBUG | id=8952 (Northern Bog Rosemary): 'hardiness.min' is empty — setting to null.
DEBUG | id=8952 (Northern Bog Rosemary): 'hardiness.max' is empty — setting to null.
DEBUG | id=8953 (Glaucous-Leaved Bog Rosemary): 'hardiness.min' is empty — setting to null.
DEBUG | id=8953 (Glaucous-Leaved Bog Rosemary): 'hardiness.max' is empty — setting to null.
DEBUG | id=8954 (James Bay Bog Rosemary): 'hardiness.min' is empty — setting to null.
DEBUG | id=8954 (James Bay Bog Rosemary): 'hardiness.max' is empty — setting to null.
DEBUG | id=8955 (Sand Bluestem): 'hardiness.min' is empty — setting to null.
DEBUG | id=8955 (Sand Bluestem): 'hardiness.max' is empty — setting to null.
DEBUG | id=8956 (Broom Sedge): 'hardiness.min' is empty — setting to null.
DEBUG | id=8956 (Broom Sedge): 'hardiness.max' is empty — setting to null.
DEBUG | id=8957 (Lehmann's Fairy-Candelabra): 'hardiness.min' is empty — setting to null.
DEBUG | id=8957 (Lehmann's Fairy-Candelabra): 'hardiness.max' is empty — setting to null.
DEBUG | id=8958 (Western Rockjasmine): 'hardiness.min' is empty — setting to null.
DEBUG | id=8958 (Western Rockjasmine): 'hardiness.max' is empty — setting to null.
DEBUG | id=8959 (Pygmyflower Rockjasmine): 'hardiness.min' is empty — setting to null.
DEBUG | id=8959 (Pygmyflower Rockjasmine): 'hardiness.max' is empty — setting to null.
DEBUG | id=8960 (Richardson's Anemone): 'hardiness.min' is empty — setting to null.
DEBUG | id=8960 (Richardson's Anemone): 'hardiness.max' is empty — setting to null.
DEBUG | id=8961 (Narcissus Anemone): 'hardiness.min' is empty — setting to null.
DEBUG | id=8961 (Narcissus Anemone): 'hardiness.max' is empty — setting to null.
DEBUG | id=8962 (Drummond's Anemone): 'hardiness.min' is empty — setting to null.
DEBUG | id=8962 (Drummond's Anemone): 'hardiness.max' is empty — setting to null.
DEBUG | id=8963 (Alpine Anemone): 'hardiness.min' is empty — setting to null.
DEBUG | id=8963 (Alpine Anemone): 'hardiness.max' is empty — setting to null.
DEBUG | id=8964 (Little Mountain Anemone): 'hardiness.min' is empty — setting to null.
DEBUG | id=8964 (Little Mountain Anemone): 'hardiness.max' is empty — setting to null.
DEBUG | id=8965 (Early Anemone): 'hardiness.min' is empty — setting to null.
DEBUG | id=8965 (Early Anemone): 'hardiness.max' is empty — setting to null.
DEBUG | id=8966 (Piper's Anemone): 'hardiness.min' is empty — setting to null.
DEBUG | id=8966 (Piper's Anemone): 'hardiness.max' is empty — setting to null.
DEBUG | id=8967 (Yellow Woodland Anemone): 'hardiness.min' is empty — setting to null.
DEBUG | id=8967 (Yellow Woodland Anemone): 'hardiness.max' is empty — setting to null.
DEBUG | id=8968 (Tall Thimbleweed): 'hardiness.min' is empty — setting to null.
DEBUG | id=8968 (Tall Thimbleweed): 'hardiness.max' is empty — setting to null.
DEBUG | id=8969 (Virginia Anemone): 'hardiness.min' is empty — setting to null.
DEBUG | id=8969 (Virginia Anemone): 'hardiness.max' is empty — setting to null.
DEBUG | id=8970 (Lyall's Angelica): 'hardiness.min' is empty — setting to null.
DEBUG | id=8970 (Lyall's Angelica): 'hardiness.max' is empty — setting to null.
DEBUG | id=8971 (Dawson's Angelica): 'hardiness.min' is empty — setting to null.
DEBUG | id=8971 (Dawson's Angelica): 'hardiness.max' is empty — setting to null.
DEBUG | id=8972 (Kneeling Angelica): 'hardiness.min' is empty — setting to null.
DEBUG | id=8972 (Kneeling Angelica): 'hardiness.max' is empty — setting to null.
DEBUG | id=8973 (Small-Leaved Angelica): 'hardiness.min' is empty — setting to null.
DEBUG | id=8973 (Small-Leaved Angelica): 'hardiness.max' is empty — setting to null.
DEBUG | id=8974 (Woodland Angelica): 'hardiness.min' is empty — setting to null.
DEBUG | id=8974 (Woodland Angelica): 'hardiness.max' is empty — setting to null.
DEBUG | id=8975 (Hairy Angelica): 'hardiness.min' is empty — setting to null.
DEBUG | id=8975 (Hairy Angelica): 'hardiness.max' is empty — setting to null.
DEBUG | id=8976 (Woodland Tarweed): 'hardiness.min' is empty — setting to null.
DEBUG | id=8976 (Woodland Tarweed): 'hardiness.max' is empty — setting to null.
DEBUG | id=8977 (Alpine Pussytoes): 'hardiness.min' is empty — setting to null.
DEBUG | id=8977 (Alpine Pussytoes): 'hardiness.max' is empty — setting to null.
DEBUG | id=8978 (Tall Pussytoes): 'hardiness.min' is empty — setting to null.
DEBUG | id=8978 (Tall Pussytoes): 'hardiness.max' is empty — setting to null.
DEBUG | id=8979 (Scented Everlasting): 'hardiness.min' is empty — setting to null.
DEBUG | id=8979 (Scented Everlasting): 'hardiness.max' is empty — setting to null.
DEBUG | id=8980 (Low Pussytoes): 'hardiness.min' is empty — setting to null.
DEBUG | id=8980 (Low Pussytoes): 'hardiness.max' is empty — setting to null.
DEBUG | id=8981 (Fries' Pussytoes): 'hardiness.min' is empty — setting to null.
DEBUG | id=8981 (Fries' Pussytoes): 'hardiness.max' is empty — setting to null.
DEBUG | id=8982 (Fries' Pussytoes): 'hardiness.min' is empty — setting to null.
DEBUG | id=8982 (Fries' Pussytoes): 'hardiness.max' is empty — setting to null.
DEBUG | id=8983 (Fries' Pussytoes): 'hardiness.min' is empty — setting to null.
DEBUG | id=8983 (Fries' Pussytoes): 'hardiness.max' is empty — setting to null.
DEBUG | id=8984 (Small Pussytoes): 'hardiness.min' is empty — setting to null.
DEBUG | id=8984 (Small Pussytoes): 'hardiness.max' is empty — setting to null.
DEBUG | id=8985 (Howell's Pussytoes): 'hardiness.min' is empty — setting to null.
DEBUG | id=8985 (Howell's Pussytoes): 'hardiness.max' is empty — setting to null.
DEBUG | id=8986 (Pussytoes): 'hardiness.min' is empty — setting to null.
DEBUG | id=8986 (Pussytoes): 'hardiness.max' is empty — setting to null.
DEBUG | id=8987 (Woolly Pussytoes): 'hardiness.min' is empty — setting to null.
DEBUG | id=8987 (Woolly Pussytoes): 'hardiness.max' is empty — setting to null.
DEBUG | id=8988 (Silvery Everlasting): 'hardiness.min' is empty — setting to null.
DEBUG | id=8988 (Silvery Everlasting): 'hardiness.max' is empty — setting to null.
DEBUG | id=8989 (Woodrush Pussytoes): 'hardiness.min' is empty — setting to null.
DEBUG | id=8989 (Woodrush Pussytoes): 'hardiness.max' is empty — setting to null.
DEBUG | id=8990 (Pygmy Pussytoes): 'hardiness.min' is empty — setting to null.
DEBUG | id=8990 (Pygmy Pussytoes): 'hardiness.max' is empty — setting to null.
DEBUG | id=8991 (Pygmy Pussytoes): 'hardiness.min' is empty — setting to null.
DEBUG | id=8991 (Pygmy Pussytoes): 'hardiness.max' is empty — setting to null.
DEBUG | id=8992 (Narrow-Leaved Pygmy Pussytoes): 'hardiness.min' is empty — setting to null.
DEBUG | id=8992 (Narrow-Leaved Pygmy Pussytoes): 'hardiness.max' is empty — setting to null.
DEBUG | id=8993 (Deceitful Pussytoes): 'hardiness.min' is empty — setting to null.
DEBUG | id=8993 (Deceitful Pussytoes): 'hardiness.max' is empty — setting to null.
DEBUG | id=8994 (Little Leaf Pussytoes): 'hardiness.min' is empty — setting to null.
DEBUG | id=8994 (Little Leaf Pussytoes): 'hardiness.max' is empty — setting to null.
DEBUG | id=8995 (Handsome Pussytoes): 'hardiness.min' is empty — setting to null.
DEBUG | id=8995 (Handsome Pussytoes): 'hardiness.max' is empty — setting to null.
DEBUG | id=8996 (Newfoundland Pussytoes): 'hardiness.min' is empty — setting to null.
DEBUG | id=8996 (Newfoundland Pussytoes): 'hardiness.max' is empty — setting to null.
DEBUG | id=8997 (Hooker's Pussytoes): 'hardiness.min' is empty — setting to null.
DEBUG | id=8997 (Hooker's Pussytoes): 'hardiness.max' is empty — setting to null.
DEBUG | id=8998 (Rosy Pussytoes): 'hardiness.min' is empty — setting to null.
DEBUG | id=8998 (Rosy Pussytoes): 'hardiness.max' is empty — setting to null.
DEBUG | id=8999 (Rosy Pussytoes): 'hardiness.min' is empty — setting to null.
DEBUG | id=8999 (Rosy Pussytoes): 'hardiness.max' is empty — setting to null.
DEBUG | id=9000 (Narrowleaf Pussytoes): 'hardiness.min' is empty — setting to null.
DEBUG | id=9000 (Narrowleaf Pussytoes): 'hardiness.max' is empty — setting to null.
DEBUG | id=9001 (Stinking Chamomile): 'hardiness.min' is empty — setting to null.
DEBUG | id=9001 (Stinking Chamomile): 'hardiness.max' is empty — setting to null.
DEBUG | id=9002 (Annual Vernal Grass): 'hardiness.min' is empty — setting to null.
DEBUG | id=9002 (Annual Vernal Grass): 'hardiness.max' is empty — setting to null.
DEBUG | id=9003 (Northern Sweetgrass): 'hardiness.min' is empty — setting to null.
DEBUG | id=9003 (Northern Sweetgrass): 'hardiness.max' is empty — setting to null.
DEBUG | id=9004 (Alpine Sweetgrass): 'hardiness.min' is empty — setting to null.
DEBUG | id=9004 (Alpine Sweetgrass): 'hardiness.max' is empty — setting to null.
DEBUG | id=9005 (Alpine Sweetgrass): 'hardiness.min' is empty — setting to null.
DEBUG | id=9005 (Alpine Sweetgrass): 'hardiness.max' is empty — setting to null.
DEBUG | id=9007 (Wild Chervil): 'hardiness.min' is empty — setting to null.
DEBUG | id=9007 (Wild Chervil): 'hardiness.max' is empty — setting to null.
DEBUG | id=9008 (Mountain Death Camas): 'hardiness.min' is empty — setting to null.
DEBUG | id=9008 (Mountain Death Camas): 'hardiness.max' is empty — setting to null.
DEBUG | id=9009 (Western Mountain-Bells): 'hardiness.min' is empty — setting to null.
DEBUG | id=9009 (Western Mountain-Bells): 'hardiness.max' is empty — setting to null.
DEBUG | id=9010 (Dense Silky Bentgrass): 'hardiness.min' is empty — setting to null.
DEBUG | id=9010 (Dense Silky Bentgrass): 'hardiness.max' is empty — setting to null.
DEBUG | id=9011 (Unexpected Lady's Mantle): 'hardiness.min' is empty — setting to null.
DEBUG | id=9011 (Unexpected Lady's Mantle): 'hardiness.max' is empty — setting to null.
DEBUG | id=9012 (Western Lady's Mantle): 'hardiness.min' is empty — setting to null.
DEBUG | id=9012 (Western Lady's Mantle): 'hardiness.max' is empty — setting to null.
DEBUG | id=9013 (Aleutian Cress): 'hardiness.min' is empty — setting to null.
DEBUG | id=9013 (Aleutian Cress): 'hardiness.max' is empty — setting to null.
DEBUG | id=9014 (California Broomrape): 'hardiness.min' is empty — setting to null.
DEBUG | id=9014 (California Broomrape): 'hardiness.max' is empty — setting to null.
DEBUG | id=9015 (Flat-Topped Broomrape): 'hardiness.min' is empty — setting to null.
DEBUG | id=9015 (Flat-Topped Broomrape): 'hardiness.max' is empty — setting to null.
DEBUG | id=9016 (Clustered Broomrape): 'hardiness.min' is empty — setting to null.
DEBUG | id=9016 (Clustered Broomrape): 'hardiness.max' is empty — setting to null.
DEBUG | id=9017 (Louisiana Broomrape): 'hardiness.min' is empty — setting to null.
DEBUG | id=9017 (Louisiana Broomrape): 'hardiness.max' is empty — setting to null.
DEBUG | id=9018 (Pine Broomrape): 'hardiness.min' is empty — setting to null.
DEBUG | id=9018 (Pine Broomrape): 'hardiness.max' is empty — setting to null.
DEBUG | id=9019 (Western One-Flowered Broomrape): 'hardiness.min' is empty — setting to null.
DEBUG | id=9019 (Western One-Flowered Broomrape): 'hardiness.max' is empty — setting to null.
DEBUG | id=9021 (Puttyroot): 'hardiness.min' is empty — setting to null.
DEBUG | id=9021 (Puttyroot): 'hardiness.max' is empty — setting to null.
DEBUG | id=9022 (Spreading Dogbane): 'hardiness.min' is empty — setting to null.
DEBUG | id=9022 (Spreading Dogbane): 'hardiness.max' is empty — setting to null.
DEBUG | id=9023 (Small Flower Columbine): 'hardiness.min' is empty — setting to null.
DEBUG | id=9023 (Small Flower Columbine): 'hardiness.max' is empty — setting to null.
DEBUG | id=9024 (Western Columbine): 'hardiness.min' is empty — setting to null.
DEBUG | id=9024 (Western Columbine): 'hardiness.max' is empty — setting to null.
DEBUG | id=9025 (Blue Limestone Columbine): 'hardiness.min' is empty — setting to null.
DEBUG | id=9025 (Blue Limestone Columbine): 'hardiness.max' is empty — setting to null.
DEBUG | id=9026 (Sand Rockcress): 'hardiness.min' is empty — setting to null.
DEBUG | id=9026 (Sand Rockcress): 'hardiness.max' is empty — setting to null.
DEBUG | id=9027 (Arctic Rockcress): 'hardiness.min' is empty — setting to null.
DEBUG | id=9027 (Arctic Rockcress): 'hardiness.max' is empty — setting to null.
DEBUG | id=9028 (Lyre-Leaved Rockcress): 'hardiness.min' is empty — setting to null.
DEBUG | id=9028 (Lyre-Leaved Rockcress): 'hardiness.max' is empty — setting to null.
DEBUG | id=9029 (Lyre-Leaved Rockcress): 'hardiness.min' is empty — setting to null.
DEBUG | id=9029 (Lyre-Leaved Rockcress): 'hardiness.max' is empty — setting to null.
DEBUG | id=9030 (Kamchatka Rockcress): 'hardiness.min' is empty — setting to null.
DEBUG | id=9030 (Kamchatka Rockcress): 'hardiness.max' is empty — setting to null.
DEBUG | id=9031 (Sanddune Rockcress): 'hardiness.min' is empty — setting to null.
DEBUG | id=9031 (Sanddune Rockcress): 'hardiness.max' is empty — setting to null.
DEBUG | id=9032 (Soft-Haired Rockcress): 'hardiness.min' is empty — setting to null.
DEBUG | id=9032 (Soft-Haired Rockcress): 'hardiness.max' is empty — setting to null.
DEBUG | id=9033 (Eschscholtz's Rockcress): 'hardiness.min' is empty — setting to null.
DEBUG | id=9033 (Eschscholtz's Rockcress): 'hardiness.max' is empty — setting to null.
DEBUG | id=9034 (Western Hairy Rockcress): 'hardiness.min' is empty — setting to null.
DEBUG | id=9034 (Western Hairy Rockcress): 'hardiness.max' is empty — setting to null.
DEBUG | id=9035 (Nuttall's Rockcress): 'hardiness.min' is empty — setting to null.
DEBUG | id=9035 (Nuttall's Rockcress): 'hardiness.max' is empty — setting to null.
DEBUG | id=9036 (Cream-Flowered Rockcress): 'hardiness.min' is empty — setting to null.
DEBUG | id=9036 (Cream-Flowered Rockcress): 'hardiness.max' is empty — setting to null.
DEBUG | id=9038 (Sarsaparilla): 'hardiness.min' is empty — setting to null.
DEBUG | id=9038 (Sarsaparilla): 'hardiness.max' is empty — setting to null.
DEBUG | id=9039 (Western Dwarf Mistletoe): 'hardiness.min' is empty — setting to null.
DEBUG | id=9039 (Western Dwarf Mistletoe): 'hardiness.max' is empty — setting to null.
DEBUG | id=9040 (Larch Dwarf Mistletoe): 'hardiness.min' is empty — setting to null.
DEBUG | id=9040 (Larch Dwarf Mistletoe): 'hardiness.max' is empty — setting to null.
DEBUG | id=9041 (Hemlock Dwarf Mistletoe): 'hardiness.min' is empty — setting to null.
DEBUG | id=9041 (Hemlock Dwarf Mistletoe): 'hardiness.max' is empty — setting to null.
DEBUG | id=9042 (Douglas Fir Dwarf Mistletoe): 'hardiness.min' is empty — setting to null.
DEBUG | id=9042 (Douglas Fir Dwarf Mistletoe): 'hardiness.max' is empty — setting to null.
DEBUG | id=9043 (Wideleaf Polargrass): 'hardiness.min' is empty — setting to null.
DEBUG | id=9043 (Wideleaf Polargrass): 'hardiness.max' is empty — setting to null.
DEBUG | id=9044 (Wideleaf Polargrass): 'hardiness.min' is empty — setting to null.
DEBUG | id=9044 (Wideleaf Polargrass): 'hardiness.max' is empty — setting to null.
DEBUG | id=9045 (Arctic Daisy): 'hardiness.min' is empty — setting to null.
DEBUG | id=9045 (Arctic Daisy): 'hardiness.max' is empty — setting to null.
DEBUG | id=9046 (Polar Daisy): 'hardiness.min' is empty — setting to null.
DEBUG | id=9046 (Polar Daisy): 'hardiness.max' is empty — setting to null.
DEBUG | id=9047 (Burdock): 'hardiness.min' is empty — setting to null.
DEBUG | id=9047 (Burdock): 'hardiness.max' is empty — setting to null.
DEBUG | id=9048 (Woolly Burdock): 'hardiness.min' is empty — setting to null.
DEBUG | id=9048 (Woolly Burdock): 'hardiness.max' is empty — setting to null.
DEBUG | id=9049 (Burdock): 'hardiness.min' is empty — setting to null.
DEBUG | id=9049 (Burdock): 'hardiness.max' is empty — setting to null.
DEBUG | id=9050 (Burdock): 'hardiness.min' is empty — setting to null.
DEBUG | id=9050 (Burdock): 'hardiness.max' is empty — setting to null.
DEBUG | id=9051 (Pendant Grass): 'hardiness.min' is empty — setting to null.
DEBUG | id=9051 (Pendant Grass): 'hardiness.max' is empty — setting to null.
DEBUG | id=9053 (Alpine Bearberry): 'hardiness.min' is empty — setting to null.
DEBUG | id=9053 (Alpine Bearberry): 'hardiness.max' is empty — setting to null.
DEBUG | id=9054 (Red Bearberry): 'hardiness.min' is empty — setting to null.
DEBUG | id=9054 (Red Bearberry): 'hardiness.max' is empty — setting to null.
DEBUG | id=9055 (Tundra Sandwort): 'hardiness.min' is empty — setting to null.
DEBUG | id=9055 (Tundra Sandwort): 'hardiness.max' is empty — setting to null.
DEBUG | id=9056 (Thyme-Leaved Sandwort): 'hardiness.min' is empty — setting to null.
DEBUG | id=9056 (Thyme-Leaved Sandwort): 'hardiness.max' is empty — setting to null.
DEBUG | id=9057 (Swamp Pink): 'hardiness.min' is empty — setting to null.
DEBUG | id=9057 (Swamp Pink): 'hardiness.max' is empty — setting to null.
DEBUG | id=9058 (Mexican Prickly-Poppy): 'hardiness.min' is empty — setting to null.
DEBUG | id=9058 (Mexican Prickly-Poppy): 'hardiness.max' is empty — setting to null.
DEBUG | id=9059 (Jack In The Pulpit): 'hardiness.min' is empty — setting to null.
DEBUG | id=9059 (Jack In The Pulpit): 'hardiness.max' is empty — setting to null.
DEBUG | id=9060 (Forked Three Awned Grass): 'hardiness.min' is empty — setting to null.
DEBUG | id=9060 (Forked Three Awned Grass): 'hardiness.max' is empty — setting to null.
DEBUG | id=9061 (Slim-Spike Threeawn Grass): 'hardiness.min' is empty — setting to null.
DEBUG | id=9061 (Slim-Spike Threeawn Grass): 'hardiness.max' is empty — setting to null.
DEBUG | id=9062 (Three Awn): 'hardiness.min' is empty — setting to null.
DEBUG | id=9062 (Three Awn): 'hardiness.max' is empty — setting to null.
DEBUG | id=9063 (Old Field Threeawn Grass): 'hardiness.min' is empty — setting to null.
DEBUG | id=9063 (Old Field Threeawn Grass): 'hardiness.max' is empty — setting to null.
DEBUG | id=9064 (Arrowfeather Three-Awn): 'hardiness.min' is empty — setting to null.
DEBUG | id=9064 (Arrowfeather Three-Awn): 'hardiness.max' is empty — setting to null.
DEBUG | id=9065 (Purple Three Awn Grass): 'hardiness.min' is empty — setting to null.
DEBUG | id=9065 (Purple Three Awn Grass): 'hardiness.max' is empty — setting to null.
DEBUG | id=9066 (Red Three Awn): 'hardiness.min' is empty — setting to null.
DEBUG | id=9066 (Red Three Awn): 'hardiness.max' is empty — setting to null.
DEBUG | id=9067 (Sea Thrift): 'hardiness.min' is empty — setting to null.
DEBUG | id=9067 (Sea Thrift): 'hardiness.max' is empty — setting to null.
DEBUG | id=9068 (Western Thrift): 'hardiness.min' is empty — setting to null.
DEBUG | id=9068 (Western Thrift): 'hardiness.max' is empty — setting to null.
DEBUG | id=9069 (Athabasca Thrift): 'hardiness.min' is empty — setting to null.
DEBUG | id=9069 (Athabasca Thrift): 'hardiness.max' is empty — setting to null.
DEBUG | id=9070 (Alpine Arnica): 'hardiness.min' is empty — setting to null.
DEBUG | id=9070 (Alpine Arnica): 'hardiness.max' is empty — setting to null.
DEBUG | id=9071 (Narrowleaf Arnica): 'hardiness.min' is empty — setting to null.
DEBUG | id=9071 (Narrowleaf Arnica): 'hardiness.max' is empty — setting to null.
DEBUG | id=9072 (Heartleaf Arnica): 'hardiness.min' is empty — setting to null.
DEBUG | id=9072 (Heartleaf Arnica): 'hardiness.max' is empty — setting to null.
DEBUG | id=9073 (Slender Leopardbane): 'hardiness.min' is empty — setting to null.
DEBUG | id=9073 (Slender Leopardbane): 'hardiness.max' is empty — setting to null.
DEBUG | id=9074 (Snow Arnica): 'hardiness.min' is empty — setting to null.
DEBUG | id=9074 (Snow Arnica): 'hardiness.max' is empty — setting to null.
DEBUG | id=9075 (Griscom's Arnica): 'hardiness.min' is empty — setting to null.
DEBUG | id=9075 (Griscom's Arnica): 'hardiness.max' is empty — setting to null.
DEBUG | id=9076 (Lance-Leaved Arnica): 'hardiness.min' is empty — setting to null.
DEBUG | id=9076 (Lance-Leaved Arnica): 'hardiness.max' is empty — setting to null.
DEBUG | id=9077 (Mountain Arnica): 'hardiness.min' is empty — setting to null.
DEBUG | id=9077 (Mountain Arnica): 'hardiness.max' is empty — setting to null.
DEBUG | id=9078 (Lessing's Arnica): 'hardiness.min' is empty — setting to null.
DEBUG | id=9078 (Lessing's Arnica): 'hardiness.max' is empty — setting to null.
DEBUG | id=9079 (Northern Arnica): 'hardiness.min' is empty — setting to null.
DEBUG | id=9079 (Northern Arnica): 'hardiness.max' is empty — setting to null.
DEBUG | id=9080 (Seep Spring Arnica): 'hardiness.min' is empty — setting to null.
DEBUG | id=9080 (Seep Spring Arnica): 'hardiness.max' is empty — setting to null.
DEBUG | id=9081 (Lake Louise Arnica): 'hardiness.min' is empty — setting to null.
DEBUG | id=9081 (Lake Louise Arnica): 'hardiness.max' is empty — setting to null.
DEBUG | id=9082 (Hairy Arnica): 'hardiness.min' is empty — setting to null.
DEBUG | id=9082 (Hairy Arnica): 'hardiness.max' is empty — setting to null.
DEBUG | id=9083 (Sticky Arnica): 'hardiness.min' is empty — setting to null.
DEBUG | id=9083 (Sticky Arnica): 'hardiness.max' is empty — setting to null.
DEBUG | id=9084 (Parry's Arnica): 'hardiness.min' is empty — setting to null.
DEBUG | id=9084 (Parry's Arnica): 'hardiness.max' is empty — setting to null.
DEBUG | id=9085 (Rydberg's Arnica): 'hardiness.min' is empty — setting to null.
DEBUG | id=9085 (Rydberg's Arnica): 'hardiness.max' is empty — setting to null.
DEBUG | id=9086 (Tuberous Indian Plantain): 'hardiness.min' is empty — setting to null.
DEBUG | id=9086 (Tuberous Indian Plantain): 'hardiness.max' is empty — setting to null.
DEBUG | id=9087 (Purple Chokeberry): 'hardiness.min' is empty — setting to null.
DEBUG | id=9087 (Purple Chokeberry): 'hardiness.max' is empty — setting to null.
DEBUG | id=9088 (Bulbous Oatgrass): 'hardiness.min' is empty — setting to null.
DEBUG | id=9088 (Bulbous Oatgrass): 'hardiness.max' is empty — setting to null.
DEBUG | id=9089 (Boreal Wormwood): 'hardiness.min' is empty — setting to null.
DEBUG | id=9089 (Boreal Wormwood): 'hardiness.max' is empty — setting to null.
DEBUG | id=9090 (Northern Wormwood): 'hardiness.min' is empty — setting to null.
DEBUG | id=9090 (Northern Wormwood): 'hardiness.max' is empty — setting to null.
DEBUG | id=9091 (Tallwormwood): 'hardiness.min' is empty — setting to null.
DEBUG | id=9091 (Tallwormwood): 'hardiness.max' is empty — setting to null.
DEBUG | id=9092 (Beach Wormwood): 'hardiness.min' is empty — setting to null.
DEBUG | id=9092 (Beach Wormwood): 'hardiness.max' is empty — setting to null.
DEBUG | id=9093 (Pacific Wormwood): 'hardiness.min' is empty — setting to null.
DEBUG | id=9093 (Pacific Wormwood): 'hardiness.max' is empty — setting to null.
DEBUG | id=9094 (Silver Sagebrush): 'hardiness.min' is empty — setting to null.
DEBUG | id=9094 (Silver Sagebrush): 'hardiness.max' is empty — setting to null.
DEBUG | id=9095 (Douglas' Wormwood): 'hardiness.min' is empty — setting to null.
DEBUG | id=9095 (Douglas' Wormwood): 'hardiness.max' is empty — setting to null.
DEBUG | id=9096 (Purple Wormwood): 'hardiness.min' is empty — setting to null.
DEBUG | id=9096 (Purple Wormwood): 'hardiness.max' is empty — setting to null.
DEBUG | id=9097 (Forked Wormwood): 'hardiness.min' is empty — setting to null.
DEBUG | id=9097 (Forked Wormwood): 'hardiness.max' is empty — setting to null.
DEBUG | id=9098 (Siberian Wormwood): 'hardiness.min' is empty — setting to null.
DEBUG | id=9098 (Siberian Wormwood): 'hardiness.max' is empty — setting to null.
DEBUG | id=9099 (Siberian Wormwood): 'hardiness.min' is empty — setting to null.
DEBUG | id=9099 (Siberian Wormwood): 'hardiness.max' is empty — setting to null.
DEBUG | id=9100 (Long Leaved Mugwort): 'hardiness.min' is empty — setting to null.
DEBUG | id=9100 (Long Leaved Mugwort): 'hardiness.max' is empty — setting to null.
DEBUG | id=9101 (Prairie Sage): 'hardiness.min' is empty — setting to null.
DEBUG | id=9101 (Prairie Sage): 'hardiness.max' is empty — setting to null.
DEBUG | id=9102 (Western Mugwort): 'hardiness.min' is empty — setting to null.
DEBUG | id=9102 (Western Mugwort): 'hardiness.max' is empty — setting to null.
DEBUG | id=9103 (Michaux's Mugwort): 'hardiness.min' is empty — setting to null.
DEBUG | id=9103 (Michaux's Mugwort): 'hardiness.max' is empty — setting to null.
DEBUG | id=9104 (Alpine Wormwood): 'hardiness.min' is empty — setting to null.
DEBUG | id=9104 (Alpine Wormwood): 'hardiness.max' is empty — setting to null.
DEBUG | id=9105 (Mountain Sagewort): 'hardiness.min' is empty — setting to null.
DEBUG | id=9105 (Mountain Sagewort): 'hardiness.max' is empty — setting to null.
DEBUG | id=9106 (Oldwoman): 'hardiness.min' is empty — setting to null.
DEBUG | id=9106 (Oldwoman): 'hardiness.max' is empty — setting to null.
DEBUG | id=9107 (Tilesius Wormwood): 'hardiness.min' is empty — setting to null.
DEBUG | id=9107 (Tilesius Wormwood): 'hardiness.max' is empty — setting to null.
DEBUG | id=9108 (Big Sagebrush): 'hardiness.min' is empty — setting to null.
DEBUG | id=9108 (Big Sagebrush): 'hardiness.max' is empty — setting to null.
DEBUG | id=9109 (Three-Tip Sagebrush): 'hardiness.min' is empty — setting to null.
DEBUG | id=9109 (Three-Tip Sagebrush): 'hardiness.max' is empty — setting to null.
DEBUG | id=9110 (Rock Wormwood): 'hardiness.min' is empty — setting to null.
DEBUG | id=9110 (Rock Wormwood): 'hardiness.max' is empty — setting to null.
DEBUG | id=9111 (Goat's Beard): 'hardiness.min' is empty — setting to null.
DEBUG | id=9111 (Goat's Beard): 'hardiness.max' is empty — setting to null.
DEBUG | id=9112 (Poke Milkweed): 'hardiness.min' is empty — setting to null.
DEBUG | id=9112 (Poke Milkweed): 'hardiness.max' is empty — setting to null.
DEBUG | id=9113 (Swamp Milkweed): 'hardiness.min' is empty — setting to null.
DEBUG | id=9113 (Swamp Milkweed): 'hardiness.max' is empty — setting to null.
DEBUG | id=9114 (Side Cluster Milkweed): 'hardiness.min' is empty — setting to null.
DEBUG | id=9114 (Side Cluster Milkweed): 'hardiness.max' is empty — setting to null.
DEBUG | id=9115 (Oval Leaf Milkweed): 'hardiness.min' is empty — setting to null.
DEBUG | id=9115 (Oval Leaf Milkweed): 'hardiness.max' is empty — setting to null.
DEBUG | id=9116 (Hybrid Milkweed): 'hardiness.min' is empty — setting to null.
DEBUG | id=9116 (Hybrid Milkweed): 'hardiness.max' is empty — setting to null.
DEBUG | id=9117 (Butterfly Milkweed): 'hardiness.min' is empty — setting to null.
DEBUG | id=9117 (Butterfly Milkweed): 'hardiness.max' is empty — setting to null.
DEBUG | id=9118 (White Milkweed): 'hardiness.min' is empty — setting to null.
DEBUG | id=9118 (White Milkweed): 'hardiness.max' is empty — setting to null.
DEBUG | id=9119 (Green Comet Milkweed): 'hardiness.min' is empty — setting to null.
DEBUG | id=9119 (Green Comet Milkweed): 'hardiness.max' is empty — setting to null.
DEBUG | id=9120 (Elegant Hawksbeard): 'hardiness.min' is empty — setting to null.
DEBUG | id=9120 (Elegant Hawksbeard): 'hardiness.max' is empty — setting to null.
DEBUG | id=9121 (Dwarf Alpine Hawksbeard): 'hardiness.min' is empty — setting to null.
DEBUG | id=9121 (Dwarf Alpine Hawksbeard): 'hardiness.max' is empty — setting to null.
DEBUG | id=9122 (German Madwort): 'hardiness.min' is empty — setting to null.
DEBUG | id=9122 (German Madwort): 'hardiness.max' is empty — setting to null.
DEBUG | id=9123 (Blue Woodruff): 'hardiness.min' is empty — setting to null.
DEBUG | id=9123 (Blue Woodruff): 'hardiness.max' is empty — setting to null.
DEBUG | id=9125 (European Hart's-Tongue Fern): 'hardiness.min' is empty — setting to null.
DEBUG | id=9125 (European Hart's-Tongue Fern): 'hardiness.max' is empty — setting to null.
DEBUG | id=9126 (Hart's Tongue Fern): 'hardiness.min' is empty — setting to null.
DEBUG | id=9126 (Hart's Tongue Fern): 'hardiness.max' is empty — setting to null.
DEBUG | id=9127 (Maidenhair Spleenwort): 'hardiness.min' is empty — setting to null.
DEBUG | id=9127 (Maidenhair Spleenwort): 'hardiness.max' is empty — setting to null.
DEBUG | id=9128 (Maidenhair Spleenwort): 'hardiness.min' is empty — setting to null.
DEBUG | id=9128 (Maidenhair Spleenwort): 'hardiness.max' is empty — setting to null.
DEBUG | id=9129 (Green Spleenwort): 'hardiness.min' is empty — setting to null.
DEBUG | id=9129 (Green Spleenwort): 'hardiness.max' is empty — setting to null.
DEBUG | id=9130 (Alpine Aster): 'hardiness.min' is empty — setting to null.
DEBUG | id=9130 (Alpine Aster): 'hardiness.max' is empty — setting to null.
DEBUG | id=9131 (Don Meadow Milk Vetch): 'hardiness.min' is empty — setting to null.
DEBUG | id=9131 (Don Meadow Milk Vetch): 'hardiness.max' is empty — setting to null.
DEBUG | id=9132 (Alpine Milkvetch): 'hardiness.min' is empty — setting to null.
DEBUG | id=9132 (Alpine Milkvetch): 'hardiness.max' is empty — setting to null.
DEBUG | id=9133 (Alpine Milkvetch): 'hardiness.min' is empty — setting to null.
DEBUG | id=9133 (Alpine Milkvetch): 'hardiness.max' is empty — setting to null.
DEBUG | id=9134 (Alpine Milk Vetch): 'hardiness.min' is empty — setting to null.
DEBUG | id=9134 (Alpine Milk Vetch): 'hardiness.max' is empty — setting to null.
DEBUG | id=9135 (Indian Milk Vetch): 'hardiness.min' is empty — setting to null.
DEBUG | id=9135 (Indian Milk Vetch): 'hardiness.max' is empty — setting to null.
DEBUG | id=9136 (Lepage's Milk-Vetch): 'hardiness.min' is empty — setting to null.
DEBUG | id=9136 (Lepage's Milk-Vetch): 'hardiness.max' is empty — setting to null.
DEBUG | id=9137 (Beckwith's Milkvetch): 'hardiness.min' is empty — setting to null.
DEBUG | id=9137 (Beckwith's Milkvetch): 'hardiness.max' is empty — setting to null.
DEBUG | id=9138 (Weiser's Milk Vetch): 'hardiness.min' is empty — setting to null.
DEBUG | id=9138 (Weiser's Milk Vetch): 'hardiness.max' is empty — setting to null.
DEBUG | id=9139 (Two Grooved Milk Vetch): 'hardiness.min' is empty — setting to null.
DEBUG | id=9139 (Two Grooved Milk Vetch): 'hardiness.max' is empty — setting to null.
DEBUG | id=9140 (Canada Milk-Vetch): 'hardiness.min' is empty — setting to null.
DEBUG | id=9140 (Canada Milk-Vetch): 'hardiness.max' is empty — setting to null.
DEBUG | id=9141 (Canadian Milk Vetch): 'hardiness.min' is empty — setting to null.
DEBUG | id=9141 (Canadian Milk Vetch): 'hardiness.max' is empty — setting to null.
DEBUG | id=9142 (Hillside Milkvetch): 'hardiness.min' is empty — setting to null.
DEBUG | id=9142 (Hillside Milkvetch): 'hardiness.max' is empty — setting to null.
DEBUG | id=9143 (Lesser Rushy Milk-Vetch): 'hardiness.min' is empty — setting to null.
DEBUG | id=9143 (Lesser Rushy Milk-Vetch): 'hardiness.max' is empty — setting to null.
DEBUG | id=9144 (Curved-Pod Astragalus): 'hardiness.min' is empty — setting to null.
DEBUG | id=9144 (Curved-Pod Astragalus): 'hardiness.max' is empty — setting to null.
DEBUG | id=9145 (Drummond's Milk Vetch): 'hardiness.min' is empty — setting to null.
DEBUG | id=9145 (Drummond's Milk Vetch): 'hardiness.max' is empty — setting to null.
DEBUG | id=9146 (Pretty Milk Vetch): 'hardiness.min' is empty — setting to null.
DEBUG | id=9146 (Pretty Milk Vetch): 'hardiness.max' is empty — setting to null.
DEBUG | id=9147 (Russian Milkvetch): 'hardiness.min' is empty — setting to null.
DEBUG | id=9147 (Russian Milkvetch): 'hardiness.max' is empty — setting to null.
DEBUG | id=9148 (Flexile Milkvetch): 'hardiness.min' is empty — setting to null.
DEBUG | id=9148 (Flexile Milkvetch): 'hardiness.max' is empty — setting to null.
DEBUG | id=9149 (Prairie Milkvetch): 'hardiness.min' is empty — setting to null.
DEBUG | id=9149 (Prairie Milkvetch): 'hardiness.max' is empty — setting to null.
DEBUG | id=9150 (Three Leaf Milk Vetch): 'hardiness.min' is empty — setting to null.
DEBUG | id=9150 (Three Leaf Milk Vetch): 'hardiness.max' is empty — setting to null.
DEBUG | id=9151 (Threeleaf Milkvetch): 'hardiness.min' is empty — setting to null.
DEBUG | id=9151 (Threeleaf Milkvetch): 'hardiness.max' is empty — setting to null.
DEBUG | id=9152 (Licorice Milkvetch): 'hardiness.min' is empty — setting to null.
DEBUG | id=9152 (Licorice Milkvetch): 'hardiness.max' is empty — setting to null.
DEBUG | id=9153 (Slender Milk-Vetch): 'hardiness.min' is empty — setting to null.
DEBUG | id=9153 (Slender Milk-Vetch): 'hardiness.max' is empty — setting to null.
DEBUG | id=9154 (Prickly Milk Vetch): 'hardiness.min' is empty — setting to null.
DEBUG | id=9154 (Prickly Milk Vetch): 'hardiness.max' is empty — setting to null.
DEBUG | id=9155 (Spiny Milk Vetch): 'hardiness.min' is empty — setting to null.
DEBUG | id=9155 (Spiny Milk Vetch): 'hardiness.max' is empty — setting to null.
DEBUG | id=9156 (Rattle Milk Vetch): 'hardiness.min' is empty — setting to null.
DEBUG | id=9156 (Rattle Milk Vetch): 'hardiness.max' is empty — setting to null.
DEBUG | id=9157 (Laxmann's Milk Vetch): 'hardiness.min' is empty — setting to null.
DEBUG | id=9157 (Laxmann's Milk Vetch): 'hardiness.max' is empty — setting to null.
DEBUG | id=9158 (Rattle Milkvetch): 'hardiness.min' is empty — setting to null.
DEBUG | id=9158 (Rattle Milkvetch): 'hardiness.max' is empty — setting to null.
DEBUG | id=9159 (Freckled Milk Vetch): 'hardiness.min' is empty — setting to null.
DEBUG | id=9159 (Freckled Milk Vetch): 'hardiness.max' is empty — setting to null.
DEBUG | id=9160 (Salty Loco Milkvetch): 'hardiness.min' is empty — setting to null.
DEBUG | id=9160 (Salty Loco Milkvetch): 'hardiness.max' is empty — setting to null.
DEBUG | id=9161 (Least Bladdery Milk Vetch): 'hardiness.min' is empty — setting to null.
DEBUG | id=9161 (Least Bladdery Milk Vetch): 'hardiness.max' is empty — setting to null.
DEBUG | id=9162 (Timber Milkvetch): 'hardiness.min' is empty — setting to null.
DEBUG | id=9162 (Timber Milkvetch): 'hardiness.max' is empty — setting to null.
DEBUG | id=9163 (Timber Milkvetch): 'hardiness.min' is empty — setting to null.
DEBUG | id=9163 (Timber Milkvetch): 'hardiness.max' is empty — setting to null.
DEBUG | id=9164 (Missouri Milk Vetch): 'hardiness.min' is empty — setting to null.
DEBUG | id=9164 (Missouri Milk Vetch): 'hardiness.max' is empty — setting to null.
DEBUG | id=9165 (Cooper's Milkvetch): 'hardiness.min' is empty — setting to null.
DEBUG | id=9165 (Cooper's Milkvetch): 'hardiness.max' is empty — setting to null.
DEBUG | id=9166 (Nutzotin Milkvetch): 'hardiness.min' is empty — setting to null.
DEBUG | id=9166 (Nutzotin Milkvetch): 'hardiness.max' is empty — setting to null.
DEBUG | id=9167 (Narrowleaf Milk Vetch): 'hardiness.min' is empty — setting to null.
DEBUG | id=9167 (Narrowleaf Milk Vetch): 'hardiness.max' is empty — setting to null.
DEBUG | id=9168 (Pursh's Milk Vetch): 'hardiness.min' is empty — setting to null.
DEBUG | id=9168 (Pursh's Milk Vetch): 'hardiness.max' is empty — setting to null.
DEBUG | id=9169 (Woollypod Milkvetch): 'hardiness.min' is empty — setting to null.
DEBUG | id=9169 (Woollypod Milkvetch): 'hardiness.max' is empty — setting to null.
DEBUG | id=9170 (Woollypod Milkvetch): 'hardiness.min' is empty — setting to null.
DEBUG | id=9170 (Woollypod Milkvetch): 'hardiness.max' is empty — setting to null.
DEBUG | id=9171 (Fernald's Milk Vetch): 'hardiness.min' is empty — setting to null.
DEBUG | id=9171 (Fernald's Milk Vetch): 'hardiness.max' is empty — setting to null.
DEBUG | id=9172 (Robbins' Milk Vetch): 'hardiness.min' is empty — setting to null.
DEBUG | id=9172 (Robbins' Milk Vetch): 'hardiness.max' is empty — setting to null.
DEBUG | id=9173 (Spalding's Milk Vetch): 'hardiness.min' is empty — setting to null.
DEBUG | id=9173 (Spalding's Milk Vetch): 'hardiness.max' is empty — setting to null.
DEBUG | id=9174 (Tufted Milk Vetch): 'hardiness.min' is empty — setting to null.
DEBUG | id=9174 (Tufted Milk Vetch): 'hardiness.max' is empty — setting to null.
DEBUG | id=9175 (Looseflower Milkvetch): 'hardiness.min' is empty — setting to null.
DEBUG | id=9175 (Looseflower Milkvetch): 'hardiness.max' is empty — setting to null.
DEBUG | id=9176 (Santa Barbara Milkvetch): 'hardiness.min' is empty — setting to null.
DEBUG | id=9176 (Santa Barbara Milkvetch): 'hardiness.max' is empty — setting to null.
DEBUG | id=9177 (Bent Flowered Milk Vetch): 'hardiness.min' is empty — setting to null.
DEBUG | id=9177 (Bent Flowered Milk Vetch): 'hardiness.max' is empty — setting to null.
DEBUG | id=9178 (Williams' Milkvetch): 'hardiness.min' is empty — setting to null.
DEBUG | id=9178 (Williams' Milkvetch): 'hardiness.max' is empty — setting to null.
DEBUG | id=9179 (American Alpine Lady Fern): 'hardiness.min' is empty — setting to null.
DEBUG | id=9179 (American Alpine Lady Fern): 'hardiness.max' is empty — setting to null.
DEBUG | id=9180 (Northwestern Ladyfern): 'hardiness.min' is empty — setting to null.
DEBUG | id=9180 (Northwestern Ladyfern): 'hardiness.max' is empty — setting to null.
DEBUG | id=9181 (Common Sandweed): 'hardiness.min' is empty — setting to null.
DEBUG | id=9181 (Common Sandweed): 'hardiness.max' is empty — setting to null.
DEBUG | id=9182 (Sweet William Catchfly): 'hardiness.min' is empty — setting to null.
DEBUG | id=9182 (Sweet William Catchfly): 'hardiness.max' is empty — setting to null.
DEBUG | id=9183 (Silverscale Saltbush): 'hardiness.min' is empty — setting to null.
DEBUG | id=9183 (Silverscale Saltbush): 'hardiness.max' is empty — setting to null.
DEBUG | id=9184 (Silverscale Saltbush): 'hardiness.min' is empty — setting to null.
DEBUG | id=9184 (Silverscale Saltbush): 'hardiness.max' is empty — setting to null.
DEBUG | id=9185 (Fourwing Saltbush): 'hardiness.min' is empty — setting to null.
DEBUG | id=9185 (Fourwing Saltbush): 'hardiness.max' is empty — setting to null.
DEBUG | id=9186 (Four-Wing Saltbush): 'hardiness.min' is empty — setting to null.
DEBUG | id=9186 (Four-Wing Saltbush): 'hardiness.max' is empty — setting to null.
DEBUG | id=9187 (Saline Saltbush): 'hardiness.min' is empty — setting to null.
DEBUG | id=9187 (Saline Saltbush): 'hardiness.max' is empty — setting to null.
DEBUG | id=9188 (Gardner's Saltbush): 'hardiness.min' is empty — setting to null.
DEBUG | id=9188 (Gardner's Saltbush): 'hardiness.max' is empty — setting to null.
DEBUG | id=9189 (Gardner's Saltbush): 'hardiness.min' is empty — setting to null.
DEBUG | id=9189 (Gardner's Saltbush): 'hardiness.max' is empty — setting to null.
DEBUG | id=9190 (Nelson's Saltbush): 'hardiness.min' is empty — setting to null.
DEBUG | id=9190 (Nelson's Saltbush): 'hardiness.max' is empty — setting to null.
DEBUG | id=9191 (Glabrous Saltbush): 'hardiness.min' is empty — setting to null.
DEBUG | id=9191 (Glabrous Saltbush): 'hardiness.max' is empty — setting to null.
DEBUG | id=9192 (Acadian Saltbush): 'hardiness.min' is empty — setting to null.
DEBUG | id=9192 (Acadian Saltbush): 'hardiness.max' is empty — setting to null.
DEBUG | id=9193 (Frankton's Saltbush): 'hardiness.min' is empty — setting to null.
DEBUG | id=9193 (Frankton's Saltbush): 'hardiness.max' is empty — setting to null.
DEBUG | id=9194 (Gmelin's Saltbush): 'hardiness.min' is empty — setting to null.
DEBUG | id=9194 (Gmelin's Saltbush): 'hardiness.max' is empty — setting to null.
DEBUG | id=9195 (Alaska Saltbush): 'hardiness.min' is empty — setting to null.
DEBUG | id=9195 (Alaska Saltbush): 'hardiness.max' is empty — setting to null.
DEBUG | id=9196 (Russian Saltbush): 'hardiness.min' is empty — setting to null.
DEBUG | id=9196 (Russian Saltbush): 'hardiness.max' is empty — setting to null.
DEBUG | id=9197 (Belgian Saltbush): 'hardiness.min' is empty — setting to null.
DEBUG | id=9197 (Belgian Saltbush): 'hardiness.max' is empty — setting to null.
DEBUG | id=9198 (Grassleaf Orache): 'hardiness.min' is empty — setting to null.
DEBUG | id=9198 (Grassleaf Orache): 'hardiness.max' is empty — setting to null.
DEBUG | id=9199 (Saltbush): 'hardiness.min' is empty — setting to null.
DEBUG | id=9199 (Saltbush): 'hardiness.max' is empty — setting to null.
DEBUG | id=9200 (Halberd Leaf Orache): 'hardiness.min' is empty — setting to null.
DEBUG | id=9200 (Halberd Leaf Orache): 'hardiness.max' is empty — setting to null.
DEBUG | id=9201 (Powell's Saltbush): 'hardiness.min' is empty — setting to null.
DEBUG | id=9201 (Powell's Saltbush): 'hardiness.max' is empty — setting to null.
DEBUG | id=9202 (Creeping Saltbush): 'hardiness.min' is empty — setting to null.
DEBUG | id=9202 (Creeping Saltbush): 'hardiness.max' is empty — setting to null.
DEBUG | id=9203 (Redscale Saltbush): 'hardiness.min' is empty — setting to null.
DEBUG | id=9203 (Redscale Saltbush): 'hardiness.max' is empty — setting to null.
DEBUG | id=9204 (Suckley's Saltbush): 'hardiness.min' is empty — setting to null.
DEBUG | id=9204 (Suckley's Saltbush): 'hardiness.max' is empty — setting to null.
DEBUG | id=9206 (Garden Aubrieta): 'hardiness.min' is empty — setting to null.
DEBUG | id=9206 (Garden Aubrieta): 'hardiness.max' is empty — setting to null.
DEBUG | id=9207 (Yellow False Foxglove): 'hardiness.min' is empty — setting to null.
DEBUG | id=9207 (Yellow False Foxglove): 'hardiness.max' is empty — setting to null.
DEBUG | id=9208 (Fernleaf Yellow False Foxglove): 'hardiness.min' is empty — setting to null.
DEBUG | id=9208 (Fernleaf Yellow False Foxglove): 'hardiness.max' is empty — setting to null.
DEBUG | id=9209 (Downy False Foxglove): 'hardiness.min' is empty — setting to null.
DEBUG | id=9209 (Downy False Foxglove): 'hardiness.max' is empty — setting to null.
DEBUG | id=9210 (Common Wild Oats): 'hardiness.min' is empty — setting to null.
DEBUG | id=9210 (Common Wild Oats): 'hardiness.max' is empty — setting to null.
DEBUG | id=9211 (Asian Wild Oats): 'hardiness.min' is empty — setting to null.
DEBUG | id=9211 (Asian Wild Oats): 'hardiness.max' is empty — setting to null.
DEBUG | id=9212 (Cultivated Oats): 'hardiness.min' is empty — setting to null.
DEBUG | id=9212 (Cultivated Oats): 'hardiness.max' is empty — setting to null.
DEBUG | id=9213 (Wavy Hairgrass): 'hardiness.min' is empty — setting to null.
DEBUG | id=9213 (Wavy Hairgrass): 'hardiness.max' is empty — setting to null.
DEBUG | id=9214 (Downy Alpine Oatgrass): 'hardiness.min' is empty — setting to null.
DEBUG | id=9214 (Downy Alpine Oatgrass): 'hardiness.max' is empty — setting to null.
DEBUG | id=9215 (Russian Pigweed): 'hardiness.min' is empty — setting to null.
DEBUG | id=9215 (Russian Pigweed): 'hardiness.max' is empty — setting to null.
DEBUG | id=9216 (Mosquito Fern): 'hardiness.min' is empty — setting to null.
DEBUG | id=9216 (Mosquito Fern): 'hardiness.max' is empty — setting to null.
DEBUG | id=9217 (Water Hyssop): 'hardiness.min' is empty — setting to null.
DEBUG | id=9217 (Water Hyssop): 'hardiness.max' is empty — setting to null.
DEBUG | id=9218 (Lesser Water-Plantain): 'hardiness.min' is empty — setting to null.
DEBUG | id=9218 (Lesser Water-Plantain): 'hardiness.max' is empty — setting to null.
DEBUG | id=9219 (Black Horehound): 'hardiness.min' is empty — setting to null.
DEBUG | id=9219 (Black Horehound): 'hardiness.max' is empty — setting to null.
DEBUG | id=9220 (Black Horehound): 'hardiness.min' is empty — setting to null.
DEBUG | id=9220 (Black Horehound): 'hardiness.max' is empty — setting to null.
DEBUG | id=9221 (Carey's Balsamroot): 'hardiness.min' is empty — setting to null.
DEBUG | id=9221 (Carey's Balsamroot): 'hardiness.max' is empty — setting to null.
DEBUG | id=9222 (Deltoid Balsamroot): 'hardiness.min' is empty — setting to null.
DEBUG | id=9222 (Deltoid Balsamroot): 'hardiness.max' is empty — setting to null.
DEBUG | id=9223 (Hooker's Balsamroot): 'hardiness.min' is empty — setting to null.
DEBUG | id=9223 (Hooker's Balsamroot): 'hardiness.max' is empty — setting to null.
DEBUG | id=9224 (Arrowleaf Balsamroot): 'hardiness.min' is empty — setting to null.
DEBUG | id=9224 (Arrowleaf Balsamroot): 'hardiness.max' is empty — setting to null.
DEBUG | id=9225 (White Wild Indigo): 'hardiness.min' is empty — setting to null.
DEBUG | id=9225 (White Wild Indigo): 'hardiness.max' is empty — setting to null.
DEBUG | id=9226 (Largeleaf Wild Indigo): 'hardiness.min' is empty — setting to null.
DEBUG | id=9226 (Largeleaf Wild Indigo): 'hardiness.max' is empty — setting to null.
DEBUG | id=9227 (Cream Wild Indigo): 'hardiness.min' is empty — setting to null.
DEBUG | id=9227 (Cream Wild Indigo): 'hardiness.max' is empty — setting to null.
DEBUG | id=9228 (American Yellowrocket): 'hardiness.min' is empty — setting to null.
DEBUG | id=9228 (American Yellowrocket): 'hardiness.max' is empty — setting to null.
DEBUG | id=9229 (Small-Flowered Wintercress): 'hardiness.min' is empty — setting to null.
DEBUG | id=9229 (Small-Flowered Wintercress): 'hardiness.max' is empty — setting to null.
DEBUG | id=9230 (Early Wintercress): 'hardiness.min' is empty — setting to null.
DEBUG | id=9230 (Early Wintercress): 'hardiness.max' is empty — setting to null.
DEBUG | id=9231 (Garden Yellowrocket): 'hardiness.min' is empty — setting to null.
DEBUG | id=9231 (Garden Yellowrocket): 'hardiness.max' is empty — setting to null.
DEBUG | id=9232 (Twining Bartonia): 'hardiness.min' is empty — setting to null.
DEBUG | id=9232 (Twining Bartonia): 'hardiness.max' is empty — setting to null.
DEBUG | id=9233 (Branched Bartonia): 'hardiness.min' is empty — setting to null.
DEBUG | id=9233 (Branched Bartonia): 'hardiness.max' is empty — setting to null.
DEBUG | id=9234 (Twining Bartonia): 'hardiness.min' is empty — setting to null.
DEBUG | id=9234 (Twining Bartonia): 'hardiness.max' is empty — setting to null.
DEBUG | id=9235 (Yellow Screwstem): 'hardiness.min' is empty — setting to null.
DEBUG | id=9235 (Yellow Screwstem): 'hardiness.max' is empty — setting to null.
DEBUG | id=9236 (Velvetbells): 'hardiness.min' is empty — setting to null.
DEBUG | id=9236 (Velvetbells): 'hardiness.max' is empty — setting to null.
DEBUG | id=9237 (Five-Hooked Bassia): 'hardiness.min' is empty — setting to null.
DEBUG | id=9237 (Five-Hooked Bassia): 'hardiness.max' is empty — setting to null.
DEBUG | id=9238 (Slough Grass): 'hardiness.min' is empty — setting to null.
DEBUG | id=9238 (Slough Grass): 'hardiness.max' is empty — setting to null.
DEBUG | id=9240 (Ottawa Barberry): 'hardiness.min' is empty — setting to null.
DEBUG | id=9240 (Ottawa Barberry): 'hardiness.max' is empty — setting to null.
DEBUG | id=9241 (Cut-Leaved Water-Parsnip): 'hardiness.min' is empty — setting to null.
DEBUG | id=9241 (Cut-Leaved Water-Parsnip): 'hardiness.max' is empty — setting to null.
DEBUG | id=9242 (Yellow Birch): 'hardiness.min' is empty — setting to null.
DEBUG | id=9242 (Yellow Birch): 'hardiness.max' is empty — setting to null.
DEBUG | id=9243 (Heartleaf Birch): 'hardiness.min' is empty — setting to null.
DEBUG | id=9243 (Heartleaf Birch): 'hardiness.max' is empty — setting to null.
DEBUG | id=9245 (Kenai Birch): 'hardiness.min' is empty — setting to null.
DEBUG | id=9245 (Kenai Birch): 'hardiness.max' is empty — setting to null.
DEBUG | id=9246 (B.Michauxii X B. Pumila Var. Pumila Hybrid): 'hardiness.min' is empty — setting to null.
DEBUG | id=9246 (B.Michauxii X B. Pumila Var. Pumila Hybrid): 'hardiness.max' is empty — setting to null.
DEBUG | id=9247 (Murray's Birch): 'hardiness.min' is empty — setting to null.
DEBUG | id=9247 (Murray's Birch): 'hardiness.max' is empty — setting to null.
DEBUG | id=9248 (Arctic Dwarf Birch): 'hardiness.min' is empty — setting to null.
DEBUG | id=9248 (Arctic Dwarf Birch): 'hardiness.max' is empty — setting to null.
DEBUG | id=9249 (Resinous Arctic Dwarf Birch): 'hardiness.min' is empty — setting to null.
DEBUG | id=9249 (Resinous Arctic Dwarf Birch): 'hardiness.max' is empty — setting to null.
DEBUG | id=9251 (Downy Birch): 'hardiness.min' is empty — setting to null.
DEBUG | id=9251 (Downy Birch): 'hardiness.max' is empty — setting to null.
DEBUG | id=9252 (Downy Birch): 'hardiness.min' is empty — setting to null.
DEBUG | id=9252 (Downy Birch): 'hardiness.max' is empty — setting to null.
DEBUG | id=9253 (Greenland Birch): 'hardiness.min' is empty — setting to null.
DEBUG | id=9253 (Greenland Birch): 'hardiness.max' is empty — setting to null.
DEBUG | id=9254 (Dwarf Birch): 'hardiness.min' is empty — setting to null.
DEBUG | id=9254 (Dwarf Birch): 'hardiness.max' is empty — setting to null.
DEBUG | id=9255 (Borggreve's Birch): 'hardiness.min' is empty — setting to null.
DEBUG | id=9255 (Borggreve's Birch): 'hardiness.max' is empty — setting to null.
DEBUG | id=9256 (Yukon Birch): 'hardiness.min' is empty — setting to null.
DEBUG | id=9256 (Yukon Birch): 'hardiness.max' is empty — setting to null.
DEBUG | id=9257 (Dutilly's Birch): 'hardiness.min' is empty — setting to null.
DEBUG | id=9257 (Dutilly's Birch): 'hardiness.max' is empty — setting to null.
DEBUG | id=9258 (Eastwood's Birch): 'hardiness.min' is empty — setting to null.
DEBUG | id=9258 (Eastwood's Birch): 'hardiness.max' is empty — setting to null.
DEBUG | id=9259 (Horne's Birch): 'hardiness.min' is empty — setting to null.
DEBUG | id=9259 (Horne's Birch): 'hardiness.max' is empty — setting to null.
DEBUG | id=9260 (Purpus' Birch): 'hardiness.min' is empty — setting to null.
DEBUG | id=9260 (Purpus' Birch): 'hardiness.max' is empty — setting to null.
DEBUG | id=9261 (Raymund's Birch): 'hardiness.min' is empty — setting to null.
DEBUG | id=9261 (Raymund's Birch): 'hardiness.max' is empty — setting to null.
DEBUG | id=9262 (Northern Hybrid Birch): 'hardiness.min' is empty — setting to null.
DEBUG | id=9262 (Northern Hybrid Birch): 'hardiness.max' is empty — setting to null.
DEBUG | id=9263 (Sargent's Birch): 'hardiness.min' is empty — setting to null.
DEBUG | id=9263 (Sargent's Birch): 'hardiness.max' is empty — setting to null.
DEBUG | id=9264 (Ungava Birch): 'hardiness.min' is empty — setting to null.
DEBUG | id=9264 (Ungava Birch): 'hardiness.max' is empty — setting to null.
DEBUG | id=9265 (Utah Birch): 'hardiness.min' is empty — setting to null.
DEBUG | id=9265 (Utah Birch): 'hardiness.max' is empty — setting to null.
DEBUG | id=9266 (Vancouver Island Beggarticks): 'hardiness.min' is empty — setting to null.
DEBUG | id=9266 (Vancouver Island Beggarticks): 'hardiness.max' is empty — setting to null.
DEBUG | id=9267 (Bearded Beggarticks): 'hardiness.min' is empty — setting to null.
DEBUG | id=9267 (Bearded Beggarticks): 'hardiness.max' is empty — setting to null.
DEBUG | id=9268 (Water Beggarticks): 'hardiness.min' is empty — setting to null.
DEBUG | id=9268 (Water Beggarticks): 'hardiness.max' is empty — setting to null.
DEBUG | id=9269 (Spanish Needles): 'hardiness.min' is empty — setting to null.
DEBUG | id=9269 (Spanish Needles): 'hardiness.max' is empty — setting to null.
DEBUG | id=9270 (Nodding Beggartick): 'hardiness.min' is empty — setting to null.
DEBUG | id=9270 (Nodding Beggartick): 'hardiness.max' is empty — setting to null.
DEBUG | id=9271 (Purple Stem Swamp Beggar Ticks): 'hardiness.min' is empty — setting to null.
DEBUG | id=9271 (Purple Stem Swamp Beggar Ticks): 'hardiness.max' is empty — setting to null.
DEBUG | id=9272 (Swamp Beggarticks): 'hardiness.min' is empty — setting to null.
DEBUG | id=9272 (Swamp Beggarticks): 'hardiness.max' is empty — setting to null.
DEBUG | id=9273 (Eaton's Beggarticks): 'hardiness.min' is empty — setting to null.
DEBUG | id=9273 (Eaton's Beggarticks): 'hardiness.max' is empty — setting to null.
DEBUG | id=9274 (Connecticut Beggarticks): 'hardiness.min' is empty — setting to null.
DEBUG | id=9274 (Connecticut Beggarticks): 'hardiness.max' is empty — setting to null.
DEBUG | id=9275 (Estuary Beggarticks): 'hardiness.min' is empty — setting to null.
DEBUG | id=9275 (Estuary Beggarticks): 'hardiness.max' is empty — setting to null.
DEBUG | id=9276 (Hairy Beggarticks): 'hardiness.min' is empty — setting to null.
DEBUG | id=9276 (Hairy Beggarticks): 'hardiness.max' is empty — setting to null.
DEBUG | id=9277 (Crowned Beggarticks): 'hardiness.min' is empty — setting to null.
DEBUG | id=9277 (Crowned Beggarticks): 'hardiness.max' is empty — setting to null.
DEBUG | id=9278 (Beggarticks): 'hardiness.min' is empty — setting to null.
DEBUG | id=9278 (Beggarticks): 'hardiness.max' is empty — setting to null.
DEBUG | id=9279 (Western Bistort): 'hardiness.min' is empty — setting to null.
DEBUG | id=9279 (Western Bistort): 'hardiness.max' is empty — setting to null.
DEBUG | id=9280 (Meadow Bistort): 'hardiness.min' is empty — setting to null.
DEBUG | id=9280 (Meadow Bistort): 'hardiness.max' is empty — setting to null.
DEBUG | id=9281 (Alpine Bistort): 'hardiness.min' is empty — setting to null.
DEBUG | id=9281 (Alpine Bistort): 'hardiness.max' is empty — setting to null.
DEBUG | id=9282 (Downy Wood Mint): 'hardiness.min' is empty — setting to null.
DEBUG | id=9282 (Downy Wood Mint): 'hardiness.max' is empty — setting to null.
DEBUG | id=9283 (Good King Henry): 'hardiness.min' is empty — setting to null.
DEBUG | id=9283 (Good King Henry): 'hardiness.max' is empty — setting to null.
DEBUG | id=9284 (Strawberry-Blite): 'hardiness.min' is empty — setting to null.
DEBUG | id=9284 (Strawberry-Blite): 'hardiness.max' is empty — setting to null.
DEBUG | id=9285 (Strawberry-Blite): 'hardiness.min' is empty — setting to null.
DEBUG | id=9285 (Strawberry-Blite): 'hardiness.max' is empty — setting to null.
DEBUG | id=9286 (Nuttall's Povertyweed): 'hardiness.min' is empty — setting to null.
DEBUG | id=9286 (Nuttall's Povertyweed): 'hardiness.max' is empty — setting to null.
DEBUG | id=9287 (Leafy Goosefoot): 'hardiness.min' is empty — setting to null.
DEBUG | id=9287 (Leafy Goosefoot): 'hardiness.max' is empty — setting to null.
DEBUG | id=9288 (Leafy Goosefoot): 'hardiness.min' is empty — setting to null.
DEBUG | id=9288 (Leafy Goosefoot): 'hardiness.max' is empty — setting to null.
DEBUG | id=9289 (Red Bulrush): 'hardiness.min' is empty — setting to null.
DEBUG | id=9289 (Red Bulrush): 'hardiness.max' is empty — setting to null.
DEBUG | id=9290 (Calder's Rockcress): 'hardiness.min' is empty — setting to null.
DEBUG | id=9290 (Calder's Rockcress): 'hardiness.max' is empty — setting to null.
DEBUG | id=9291 (Collins' Rockcress): 'hardiness.min' is empty — setting to null.
DEBUG | id=9291 (Collins' Rockcress): 'hardiness.max' is empty — setting to null.
DEBUG | id=9292 (Four Corners Rockcress): 'hardiness.min' is empty — setting to null.
DEBUG | id=9292 (Four Corners Rockcress): 'hardiness.max' is empty — setting to null.
DEBUG | id=9293 (Depauperate Rockcress): 'hardiness.min' is empty — setting to null.
DEBUG | id=9293 (Depauperate Rockcress): 'hardiness.max' is empty — setting to null.
DEBUG | id=9294 (Spreadingpod Rockcress): 'hardiness.min' is empty — setting to null.
DEBUG | id=9294 (Spreadingpod Rockcress): 'hardiness.max' is empty — setting to null.
DEBUG | id=9295 (Soldier Rockcress): 'hardiness.min' is empty — setting to null.
DEBUG | id=9295 (Soldier Rockcress): 'hardiness.max' is empty — setting to null.
DEBUG | id=9296 (Graham's Rockcress): 'hardiness.min' is empty — setting to null.
DEBUG | id=9296 (Graham's Rockcress): 'hardiness.max' is empty — setting to null.
DEBUG | id=9297 (Holboell's Rockcress): 'hardiness.min' is empty — setting to null.
DEBUG | id=9297 (Holboell's Rockcress): 'hardiness.max' is empty — setting to null.
DEBUG | id=9298 (Lemmon's Rockcress): 'hardiness.min' is empty — setting to null.
DEBUG | id=9298 (Lemmon's Rockcress): 'hardiness.max' is empty — setting to null.
DEBUG | id=9299 (Woody-Branched Rockcress): 'hardiness.min' is empty — setting to null.
DEBUG | id=9299 (Woody-Branched Rockcress): 'hardiness.max' is empty — setting to null.
DEBUG | id=9300 (Lyall's Rockcress): 'hardiness.min' is empty — setting to null.
DEBUG | id=9300 (Lyall's Rockcress): 'hardiness.max' is empty — setting to null.
DEBUG | id=9301 (Little-Leaved Rockcress): 'hardiness.min' is empty — setting to null.
DEBUG | id=9301 (Little-Leaved Rockcress): 'hardiness.max' is empty — setting to null.
DEBUG | id=9302 (Tiny Suncress): 'hardiness.min' is empty — setting to null.
DEBUG | id=9302 (Tiny Suncress): 'hardiness.max' is empty — setting to null.
DEBUG | id=9303 (Dropseed Rockcress): 'hardiness.min' is empty — setting to null.
DEBUG | id=9303 (Dropseed Rockcress): 'hardiness.max' is empty — setting to null.
DEBUG | id=9304 (Pine Rockcress): 'hardiness.min' is empty — setting to null.
DEBUG | id=9304 (Pine Rockcress): 'hardiness.max' is empty — setting to null.
DEBUG | id=9305 (Many-Flowered Rockcress): 'hardiness.min' is empty — setting to null.
DEBUG | id=9305 (Many-Flowered Rockcress): 'hardiness.max' is empty — setting to null.
DEBUG | id=9306 (Quebec Rockcress): 'hardiness.min' is empty — setting to null.
DEBUG | id=9306 (Quebec Rockcress): 'hardiness.max' is empty — setting to null.
DEBUG | id=9307 (Reflexed Rockcress): 'hardiness.min' is empty — setting to null.
DEBUG | id=9307 (Reflexed Rockcress): 'hardiness.max' is empty — setting to null.
DEBUG | id=9308 (Elegant Rockcress): 'hardiness.min' is empty — setting to null.
DEBUG | id=9308 (Elegant Rockcress): 'hardiness.max' is empty — setting to null.
DEBUG | id=9309 (Drummond's Rockcress): 'hardiness.min' is empty — setting to null.
DEBUG | id=9309 (Drummond's Rockcress): 'hardiness.max' is empty — setting to null.
DEBUG | id=9310 (River Bulrush): 'hardiness.min' is empty — setting to null.
DEBUG | id=9310 (River Bulrush): 'hardiness.max' is empty — setting to null.
DEBUG | id=9311 (Tuberous Bulrush): 'hardiness.min' is empty — setting to null.
DEBUG | id=9311 (Tuberous Bulrush): 'hardiness.max' is empty — setting to null.
DEBUG | id=9312 (Saltmarsh Bulrush): 'hardiness.min' is empty — setting to null.
DEBUG | id=9312 (Saltmarsh Bulrush): 'hardiness.max' is empty — setting to null.
DEBUG | id=9313 (Saltmarsh Bulrush): 'hardiness.min' is empty — setting to null.
DEBUG | id=9313 (Saltmarsh Bulrush): 'hardiness.max' is empty — setting to null.
DEBUG | id=9314 (Alkali Bulrush): 'hardiness.min' is empty — setting to null.
DEBUG | id=9314 (Alkali Bulrush): 'hardiness.max' is empty — setting to null.
DEBUG | id=9315 (New England Bulrush): 'hardiness.min' is empty — setting to null.
DEBUG | id=9315 (New England Bulrush): 'hardiness.max' is empty — setting to null.
DEBUG | id=9316 (Sturdy Bulrush): 'hardiness.min' is empty — setting to null.
DEBUG | id=9316 (Sturdy Bulrush): 'hardiness.max' is empty — setting to null.
DEBUG | id=9317 (Aster Like Boltonia): 'hardiness.min' is empty — setting to null.
DEBUG | id=9317 (Aster Like Boltonia): 'hardiness.max' is empty — setting to null.
DEBUG | id=9318 (Sicklepod Rockcress): 'hardiness.min' is empty — setting to null.
DEBUG | id=9318 (Sicklepod Rockcress): 'hardiness.max' is empty — setting to null.
DEBUG | id=9319 (Toothed Rockcress): 'hardiness.min' is empty — setting to null.
DEBUG | id=9319 (Toothed Rockcress): 'hardiness.max' is empty — setting to null.
DEBUG | id=9320 (Smooth Rockcress): 'hardiness.min' is empty — setting to null.
DEBUG | id=9320 (Smooth Rockcress): 'hardiness.max' is empty — setting to null.
DEBUG | id=9321 (Northern Groundcone): 'hardiness.min' is empty — setting to null.
DEBUG | id=9321 (Northern Groundcone): 'hardiness.max' is empty — setting to null.
DEBUG | id=9322 (Alaska Moonwort): 'hardiness.min' is empty — setting to null.
DEBUG | id=9322 (Alaska Moonwort): 'hardiness.max' is empty — setting to null.
DEBUG | id=9323 (Upward Lobed Moonwort): 'hardiness.min' is empty — setting to null.
DEBUG | id=9323 (Upward Lobed Moonwort): 'hardiness.max' is empty — setting to null.
DEBUG | id=9324 (Boreal Moonwort): 'hardiness.min' is empty — setting to null.
DEBUG | id=9324 (Boreal Moonwort): 'hardiness.max' is empty — setting to null.
DEBUG | id=9325 (Prairie Dunewort): 'hardiness.min' is empty — setting to null.
DEBUG | id=9325 (Prairie Dunewort): 'hardiness.max' is empty — setting to null.
DEBUG | id=9326 (Scalloped Moonwort): 'hardiness.min' is empty — setting to null.
DEBUG | id=9326 (Scalloped Moonwort): 'hardiness.max' is empty — setting to null.
DEBUG | id=9327 (Echo Moonwort): 'hardiness.min' is empty — setting to null.
DEBUG | id=9327 (Echo Moonwort): 'hardiness.max' is empty — setting to null.
DEBUG | id=9328 (Western Moonwort): 'hardiness.min' is empty — setting to null.
DEBUG | id=9328 (Western Moonwort): 'hardiness.max' is empty — setting to null.
DEBUG | id=9329 (Triangle Grape Fern): 'hardiness.min' is empty — setting to null.
DEBUG | id=9329 (Triangle Grape Fern): 'hardiness.max' is empty — setting to null.
DEBUG | id=9330 (Lanceleaf Grapefern): 'hardiness.min' is empty — setting to null.
DEBUG | id=9330 (Lanceleaf Grapefern): 'hardiness.max' is empty — setting to null.
DEBUG | id=9331 (Narrow Triangle Moonwort): 'hardiness.min' is empty — setting to null.
DEBUG | id=9331 (Narrow Triangle Moonwort): 'hardiness.max' is empty — setting to null.
DEBUG | id=9332 (Lance Leaved Moonwort): 'hardiness.min' is empty — setting to null.
DEBUG | id=9332 (Lance Leaved Moonwort): 'hardiness.max' is empty — setting to null.
DEBUG | id=9333 (Common Moonwort): 'hardiness.min' is empty — setting to null.
DEBUG | id=9333 (Common Moonwort): 'hardiness.max' is empty — setting to null.
DEBUG | id=9334 (Common Moonwort): 'hardiness.min' is empty — setting to null.
DEBUG | id=9334 (Common Moonwort): 'hardiness.max' is empty — setting to null.
DEBUG | id=9335 (Chamomile Grape Fern): 'hardiness.min' is empty — setting to null.
DEBUG | id=9335 (Chamomile Grape Fern): 'hardiness.max' is empty — setting to null.
DEBUG | id=9336 (Michigan Moonwort): 'hardiness.min' is empty — setting to null.
DEBUG | id=9336 (Michigan Moonwort): 'hardiness.max' is empty — setting to null.
DEBUG | id=9337 (Mingan Moonwort): 'hardiness.min' is empty — setting to null.
DEBUG | id=9337 (Mingan Moonwort): 'hardiness.max' is empty — setting to null.
DEBUG | id=9338 (Mountain Moonwort): 'hardiness.min' is empty — setting to null.
DEBUG | id=9338 (Mountain Moonwort): 'hardiness.max' is empty — setting to null.
DEBUG | id=9339 (Pale Moonwort): 'hardiness.min' is empty — setting to null.
DEBUG | id=9339 (Pale Moonwort): 'hardiness.max' is empty — setting to null.
DEBUG | id=9340 (Two Spiked Moonwort): 'hardiness.min' is empty — setting to null.
DEBUG | id=9340 (Two Spiked Moonwort): 'hardiness.max' is empty — setting to null.
DEBUG | id=9341 (Stalked Moonwort): 'hardiness.min' is empty — setting to null.
DEBUG | id=9341 (Stalked Moonwort): 'hardiness.max' is empty — setting to null.
DEBUG | id=9342 (Northwestern Moonwort): 'hardiness.min' is empty — setting to null.
DEBUG | id=9342 (Northwestern Moonwort): 'hardiness.max' is empty — setting to null.
DEBUG | id=9343 (False Daisy Leaf Moonwort): 'hardiness.min' is empty — setting to null.
DEBUG | id=9343 (False Daisy Leaf Moonwort): 'hardiness.max' is empty — setting to null.
DEBUG | id=9344 (Little Grape Fern): 'hardiness.min' is empty — setting to null.
DEBUG | id=9344 (Little Grape Fern): 'hardiness.max' is empty — setting to null.
DEBUG | id=9345 (Least Moonwort): 'hardiness.min' is empty — setting to null.
DEBUG | id=9345 (Least Moonwort): 'hardiness.max' is empty — setting to null.
DEBUG | id=9346 (Western Least Moonwort): 'hardiness.min' is empty — setting to null.
DEBUG | id=9346 (Western Least Moonwort): 'hardiness.max' is empty — setting to null.
DEBUG | id=9347 (Swamp Moonwort): 'hardiness.min' is empty — setting to null.
DEBUG | id=9347 (Swamp Moonwort): 'hardiness.max' is empty — setting to null.
DEBUG | id=9348 (Tunux' Moonwort): 'hardiness.min' is empty — setting to null.
DEBUG | id=9348 (Tunux' Moonwort): 'hardiness.max' is empty — setting to null.
DEBUG | id=9349 (Waterton Moonwort): 'hardiness.min' is empty — setting to null.
DEBUG | id=9349 (Waterton Moonwort): 'hardiness.max' is empty — setting to null.
DEBUG | id=9350 (Yaa Xu Da Keit's Moonwort): 'hardiness.min' is empty — setting to null.
DEBUG | id=9350 (Yaa Xu Da Keit's Moonwort): 'hardiness.max' is empty — setting to null.
DEBUG | id=9351 (Rattlesnake Fern): 'hardiness.min' is empty — setting to null.
DEBUG | id=9351 (Rattlesnake Fern): 'hardiness.max' is empty — setting to null.
DEBUG | id=9352 (Sideoats Grama): 'hardiness.min' is empty — setting to null.
DEBUG | id=9352 (Sideoats Grama): 'hardiness.max' is empty — setting to null.
DEBUG | id=9353 (Buffalograss): 'hardiness.min' is empty — setting to null.
DEBUG | id=9353 (Buffalograss): 'hardiness.max' is empty — setting to null.
DEBUG | id=9354 (Hairy Grama): 'hardiness.min' is empty — setting to null.
DEBUG | id=9354 (Hairy Grama): 'hardiness.max' is empty — setting to null.
DEBUG | id=9355 (Coastal Brookfoam): 'hardiness.min' is empty — setting to null.
DEBUG | id=9355 (Coastal Brookfoam): 'hardiness.max' is empty — setting to null.
DEBUG | id=9356 (Richardson's Brookfoam): 'hardiness.min' is empty — setting to null.
DEBUG | id=9356 (Richardson's Brookfoam): 'hardiness.max' is empty — setting to null.
DEBUG | id=9357 (Northern Shorthusk): 'hardiness.min' is empty — setting to null.
DEBUG | id=9357 (Northern Shorthusk): 'hardiness.max' is empty — setting to null.
DEBUG | id=9358 (Bearded Shorthusk): 'hardiness.min' is empty — setting to null.
DEBUG | id=9358 (Bearded Shorthusk): 'hardiness.max' is empty — setting to null.
DEBUG | id=9359 (Slender False Brome): 'hardiness.min' is empty — setting to null.
DEBUG | id=9359 (Slender False Brome): 'hardiness.max' is empty — setting to null.
DEBUG | id=9360 (Slender False Brome): 'hardiness.min' is empty — setting to null.
DEBUG | id=9360 (Slender False Brome): 'hardiness.max' is empty — setting to null.
DEBUG | id=9361 (Watershield): 'hardiness.min' is empty — setting to null.
DEBUG | id=9361 (Watershield): 'hardiness.max' is empty — setting to null.
DEBUG | id=9362 (Black Mustard): 'hardiness.min' is empty — setting to null.
DEBUG | id=9362 (Black Mustard): 'hardiness.max' is empty — setting to null.
DEBUG | id=9363 (Fernald's Braya): 'hardiness.min' is empty — setting to null.
DEBUG | id=9363 (Fernald's Braya): 'hardiness.max' is empty — setting to null.
DEBUG | id=9364 (Smooth Rockcress): 'hardiness.min' is empty — setting to null.
DEBUG | id=9364 (Smooth Rockcress): 'hardiness.max' is empty — setting to null.
DEBUG | id=9365 (Smooth Rockcress): 'hardiness.min' is empty — setting to null.
DEBUG | id=9365 (Smooth Rockcress): 'hardiness.max' is empty — setting to null.
DEBUG | id=9366 (Prostrate Braya): 'hardiness.min' is empty — setting to null.
DEBUG | id=9366 (Prostrate Braya): 'hardiness.max' is empty — setting to null.
DEBUG | id=9367 (Low Northern Braya): 'hardiness.min' is empty — setting to null.
DEBUG | id=9367 (Low Northern Braya): 'hardiness.max' is empty — setting to null.
DEBUG | id=9368 (Low Braya): 'hardiness.min' is empty — setting to null.
DEBUG | id=9368 (Low Braya): 'hardiness.max' is empty — setting to null.
DEBUG | id=9369 (Ellesmere Island Braya): 'hardiness.min' is empty — setting to null.
DEBUG | id=9369 (Ellesmere Island Braya): 'hardiness.max' is empty — setting to null.
DEBUG | id=9370 (Mccalla's Braya): 'hardiness.min' is empty — setting to null.
DEBUG | id=9370 (Mccalla's Braya): 'hardiness.max' is empty — setting to null.
DEBUG | id=9371 (Porsild's Braya): 'hardiness.min' is empty — setting to null.
DEBUG | id=9371 (Porsild's Braya): 'hardiness.max' is empty — setting to null.
DEBUG | id=9372 (Narrow-Fruit Braya): 'hardiness.min' is empty — setting to null.
DEBUG | id=9372 (Narrow-Fruit Braya): 'hardiness.max' is empty — setting to null.
DEBUG | id=9373 (Long's Braya): 'hardiness.min' is empty — setting to null.
DEBUG | id=9373 (Long's Braya): 'hardiness.max' is empty — setting to null.
DEBUG | id=9374 (Hairy Braya): 'hardiness.min' is empty — setting to null.
DEBUG | id=9374 (Hairy Braya): 'hardiness.max' is empty — setting to null.
DEBUG | id=9375 (Purple Braya): 'hardiness.min' is empty — setting to null.
DEBUG | id=9375 (Purple Braya): 'hardiness.max' is empty — setting to null.
DEBUG | id=9376 (Greenland Rockcress): 'hardiness.min' is empty — setting to null.
DEBUG | id=9376 (Greenland Rockcress): 'hardiness.max' is empty — setting to null.
DEBUG | id=9377 (Greenland Braya): 'hardiness.min' is empty — setting to null.
DEBUG | id=9377 (Greenland Braya): 'hardiness.max' is empty — setting to null.
DEBUG | id=9378 (Smooth Greenland Braya): 'hardiness.min' is empty — setting to null.
DEBUG | id=9378 (Smooth Greenland Braya): 'hardiness.max' is empty — setting to null.
DEBUG | id=9379 (Narrow Leaf Brickellbush): 'hardiness.min' is empty — setting to null.
DEBUG | id=9379 (Narrow Leaf Brickellbush): 'hardiness.max' is empty — setting to null.
DEBUG | id=9380 (Narrow Leaved Brickellia): 'hardiness.min' is empty — setting to null.
DEBUG | id=9380 (Narrow Leaved Brickellia): 'hardiness.max' is empty — setting to null.
DEBUG | id=9381 (Big Quaking Grass): 'hardiness.min' is empty — setting to null.
DEBUG | id=9381 (Big Quaking Grass): 'hardiness.max' is empty — setting to null.
DEBUG | id=9382 (Little Quaking Grass): 'hardiness.min' is empty — setting to null.
DEBUG | id=9382 (Little Quaking Grass): 'hardiness.max' is empty — setting to null.
DEBUG | id=9383 (Harvest Firecracker Flower): 'hardiness.min' is empty — setting to null.
DEBUG | id=9383 (Harvest Firecracker Flower): 'hardiness.max' is empty — setting to null.
DEBUG | id=9384 (Harvest Brodiaea): 'hardiness.min' is empty — setting to null.
DEBUG | id=9384 (Harvest Brodiaea): 'hardiness.max' is empty — setting to null.
DEBUG | id=9385 (Indian Valley Brodiaea): 'hardiness.min' is empty — setting to null.
DEBUG | id=9385 (Indian Valley Brodiaea): 'hardiness.max' is empty — setting to null.
DEBUG | id=9386 (Field Brome): 'hardiness.min' is empty — setting to null.
DEBUG | id=9386 (Field Brome): 'hardiness.max' is empty — setting to null.
DEBUG | id=9387 (Rescue Grass): 'hardiness.min' is empty — setting to null.
DEBUG | id=9387 (Rescue Grass): 'hardiness.max' is empty — setting to null.
DEBUG | id=9388 (Oat Brome): 'hardiness.min' is empty — setting to null.
DEBUG | id=9388 (Oat Brome): 'hardiness.max' is empty — setting to null.
DEBUG | id=9389 (Ripgut Brome): 'hardiness.min' is empty — setting to null.
DEBUG | id=9389 (Ripgut Brome): 'hardiness.max' is empty — setting to null.
DEBUG | id=9390 (Erect Brome): 'hardiness.min' is empty — setting to null.
DEBUG | id=9390 (Erect Brome): 'hardiness.max' is empty — setting to null.
DEBUG | id=9391 (Soft Brome): 'hardiness.min' is empty — setting to null.
DEBUG | id=9391 (Soft Brome): 'hardiness.max' is empty — setting to null.
DEBUG | id=9392 (Soft Brome): 'hardiness.min' is empty — setting to null.
DEBUG | id=9392 (Soft Brome): 'hardiness.max' is empty — setting to null.
DEBUG | id=9393 (Soft Brome): 'hardiness.min' is empty — setting to null.
DEBUG | id=9393 (Soft Brome): 'hardiness.max' is empty — setting to null.
DEBUG | id=9394 (Japanese Brome): 'hardiness.min' is empty — setting to null.
DEBUG | id=9394 (Japanese Brome): 'hardiness.max' is empty — setting to null.
DEBUG | id=9395 (Fringed Brome): 'hardiness.min' is empty — setting to null.
DEBUG | id=9395 (Fringed Brome): 'hardiness.max' is empty — setting to null.
DEBUG | id=9396 (Mediterranean Brome): 'hardiness.min' is empty — setting to null.
DEBUG | id=9396 (Mediterranean Brome): 'hardiness.max' is empty — setting to null.
DEBUG | id=9397 (Nottoway Brome Grass): 'hardiness.min' is empty — setting to null.
DEBUG | id=9397 (Nottoway Brome Grass): 'hardiness.max' is empty — setting to null.
DEBUG | id=9398 (Orcutt's Brome): 'hardiness.min' is empty — setting to null.
DEBUG | id=9398 (Orcutt's Brome): 'hardiness.max' is empty — setting to null.
DEBUG | id=9399 (Pacific Brome): 'hardiness.min' is empty — setting to null.
DEBUG | id=9399 (Pacific Brome): 'hardiness.max' is empty — setting to null.
DEBUG | id=9400 (Porter's Chess): 'hardiness.min' is empty — setting to null.
DEBUG | id=9400 (Porter's Chess): 'hardiness.max' is empty — setting to null.
DEBUG | id=9401 (Hairy Wood Brome): 'hardiness.min' is empty — setting to null.
DEBUG | id=9401 (Hairy Wood Brome): 'hardiness.max' is empty — setting to null.
DEBUG | id=9402 (Northern Awnless Brome): 'hardiness.min' is empty — setting to null.
DEBUG | id=9402 (Northern Awnless Brome): 'hardiness.max' is empty — setting to null.
DEBUG | id=9403 (Spiked Brome): 'hardiness.min' is empty — setting to null.
DEBUG | id=9403 (Spiked Brome): 'hardiness.max' is empty — setting to null.
DEBUG | id=9404 (Richardson's Brome): 'hardiness.min' is empty — setting to null.
DEBUG | id=9404 (Richardson's Brome): 'hardiness.max' is empty — setting to null.
DEBUG | id=9405 (Meadow Brome): 'hardiness.min' is empty — setting to null.
DEBUG | id=9405 (Meadow Brome): 'hardiness.max' is empty — setting to null.
DEBUG | id=9406 (Foxtail Brome): 'hardiness.min' is empty — setting to null.
DEBUG | id=9406 (Foxtail Brome): 'hardiness.max' is empty — setting to null.
DEBUG | id=9407 (Alaska Brome): 'hardiness.min' is empty — setting to null.
DEBUG | id=9407 (Alaska Brome): 'hardiness.max' is empty — setting to null.
DEBUG | id=9408 (Sitka Brome): 'hardiness.min' is empty — setting to null.
DEBUG | id=9408 (Sitka Brome): 'hardiness.max' is empty — setting to null.
DEBUG | id=9409 (Aleut Brome): 'hardiness.min' is empty — setting to null.
DEBUG | id=9409 (Aleut Brome): 'hardiness.max' is empty — setting to null.
DEBUG | id=9410 (California Brome): 'hardiness.min' is empty — setting to null.
DEBUG | id=9410 (California Brome): 'hardiness.max' is empty — setting to null.
DEBUG | id=9411 (Mountain Brome): 'hardiness.min' is empty — setting to null.
DEBUG | id=9411 (Mountain Brome): 'hardiness.max' is empty — setting to null.
DEBUG | id=9412 (Corn Brome): 'hardiness.min' is empty — setting to null.
DEBUG | id=9412 (Corn Brome): 'hardiness.max' is empty — setting to null.
DEBUG | id=9413 (Corn Brome): 'hardiness.min' is empty — setting to null.
DEBUG | id=9413 (Corn Brome): 'hardiness.max' is empty — setting to null.
DEBUG | id=9414 (Corn Brome): 'hardiness.min' is empty — setting to null.
DEBUG | id=9414 (Corn Brome): 'hardiness.max' is empty — setting to null.
DEBUG | id=9415 (Poverty Brome): 'hardiness.min' is empty — setting to null.
DEBUG | id=9415 (Poverty Brome): 'hardiness.max' is empty — setting to null.
DEBUG | id=9416 (Suksdorf's Brome): 'hardiness.min' is empty — setting to null.
DEBUG | id=9416 (Suksdorf's Brome): 'hardiness.max' is empty — setting to null.
DEBUG | id=9417 (Cheatgrass): 'hardiness.min' is empty — setting to null.
DEBUG | id=9417 (Cheatgrass): 'hardiness.max' is empty — setting to null.
DEBUG | id=9418 (Lesser Soft Brome): 'hardiness.min' is empty — setting to null.
DEBUG | id=9418 (Lesser Soft Brome): 'hardiness.max' is empty — setting to null.
DEBUG | id=9419 (Bluehearts): 'hardiness.min' is empty — setting to null.
DEBUG | id=9419 (Bluehearts): 'hardiness.max' is empty — setting to null.
DEBUG | id=9420 (Corn Gromwell): 'hardiness.min' is empty — setting to null.
DEBUG | id=9420 (Corn Gromwell): 'hardiness.max' is empty — setting to null.
DEBUG | id=9421 (Densetuft Hairsedge): 'hardiness.min' is empty — setting to null.
DEBUG | id=9421 (Densetuft Hairsedge): 'hardiness.max' is empty — setting to null.
DEBUG | id=9422 (Turkish Rocket): 'hardiness.min' is empty — setting to null.
DEBUG | id=9422 (Turkish Rocket): 'hardiness.max' is empty — setting to null.
DEBUG | id=9423 (Great Pignut): 'hardiness.min' is empty — setting to null.
DEBUG | id=9423 (Great Pignut): 'hardiness.max' is empty — setting to null.
DEBUG | id=9424 (American Thorowax): 'hardiness.min' is empty — setting to null.
DEBUG | id=9424 (American Thorowax): 'hardiness.max' is empty — setting to null.
DEBUG | id=9425 (Roundleaf Thorowax): 'hardiness.min' is empty — setting to null.
DEBUG | id=9425 (Roundleaf Thorowax): 'hardiness.max' is empty — setting to null.
DEBUG | id=9426 (American Sea Rocket): 'hardiness.min' is empty — setting to null.
DEBUG | id=9426 (American Sea Rocket): 'hardiness.max' is empty — setting to null.
DEBUG | id=9427 (American Sea Rocket): 'hardiness.min' is empty — setting to null.
DEBUG | id=9427 (American Sea Rocket): 'hardiness.max' is empty — setting to null.
DEBUG | id=9428 (European Searocket): 'hardiness.min' is empty — setting to null.
DEBUG | id=9428 (European Searocket): 'hardiness.max' is empty — setting to null.
DEBUG | id=9429 (European Sea Rocket): 'hardiness.min' is empty — setting to null.
DEBUG | id=9429 (European Sea Rocket): 'hardiness.max' is empty — setting to null.
DEBUG | id=9430 (Bluejoint Reedgrass): 'hardiness.min' is empty — setting to null.
DEBUG | id=9430 (Bluejoint Reedgrass): 'hardiness.max' is empty — setting to null.
DEBUG | id=9431 (Reedgrass): 'hardiness.min' is empty — setting to null.
DEBUG | id=9431 (Reedgrass): 'hardiness.max' is empty — setting to null.
DEBUG | id=9432 (Bluejoint Reedgrass): 'hardiness.min' is empty — setting to null.
DEBUG | id=9432 (Bluejoint Reedgrass): 'hardiness.max' is empty — setting to null.
DEBUG | id=9433 (Blue Joint Reedgrass): 'hardiness.min' is empty — setting to null.
DEBUG | id=9433 (Blue Joint Reedgrass): 'hardiness.max' is empty — setting to null.
DEBUG | id=9434 (Nuttal's Reed Grass): 'hardiness.min' is empty — setting to null.
DEBUG | id=9434 (Nuttal's Reed Grass): 'hardiness.max' is empty — setting to null.
DEBUG | id=9435 (Feathertop): 'hardiness.min' is empty — setting to null.
DEBUG | id=9435 (Feathertop): 'hardiness.max' is empty — setting to null.
DEBUG | id=9436 (Lapland Reedgrass): 'hardiness.min' is empty — setting to null.
DEBUG | id=9436 (Lapland Reedgrass): 'hardiness.max' is empty — setting to null.
DEBUG | id=9437 (Plains Reedgrass): 'hardiness.min' is empty — setting to null.
DEBUG | id=9437 (Plains Reedgrass): 'hardiness.max' is empty — setting to null.
DEBUG | id=9438 (Pacific Reedgrass): 'hardiness.min' is empty — setting to null.
DEBUG | id=9438 (Pacific Reedgrass): 'hardiness.max' is empty — setting to null.
DEBUG | id=9439 (Pickering's Reed Bentgrass): 'hardiness.min' is empty — setting to null.
DEBUG | id=9439 (Pickering's Reed Bentgrass): 'hardiness.max' is empty — setting to null.
DEBUG | id=9440 (Pine Grass): 'hardiness.min' is empty — setting to null.
DEBUG | id=9440 (Pine Grass): 'hardiness.max' is empty — setting to null.
DEBUG | id=9441 (One And A Half Flowered Reedgrass): 'hardiness.min' is empty — setting to null.
DEBUG | id=9441 (One And A Half Flowered Reedgrass): 'hardiness.max' is empty — setting to null.
DEBUG | id=9442 (Slim Stem Small Reedgrass): 'hardiness.min' is empty — setting to null.
DEBUG | id=9442 (Slim Stem Small Reedgrass): 'hardiness.max' is empty — setting to null.
DEBUG | id=9443 (Slim-Stemmed Reedgrass): 'hardiness.min' is empty — setting to null.
DEBUG | id=9443 (Slim-Stemmed Reedgrass): 'hardiness.max' is empty — setting to null.
DEBUG | id=9444 (New England Northern Reed Grass): 'hardiness.min' is empty — setting to null.
DEBUG | id=9444 (New England Northern Reed Grass): 'hardiness.max' is empty — setting to null.
DEBUG | id=9445 (Redmaids): 'hardiness.min' is empty — setting to null.
DEBUG | id=9445 (Redmaids): 'hardiness.max' is empty — setting to null.
DEBUG | id=9446 (Pedunculate Water-Starwort): 'hardiness.min' is empty — setting to null.
DEBUG | id=9446 (Pedunculate Water-Starwort): 'hardiness.max' is empty — setting to null.
DEBUG | id=9447 (Narrowleaf Water-Starwort): 'hardiness.min' is empty — setting to null.
DEBUG | id=9447 (Narrowleaf Water-Starwort): 'hardiness.max' is empty — setting to null.
DEBUG | id=9448 (Autumnal Water Starwort): 'hardiness.min' is empty — setting to null.
DEBUG | id=9448 (Autumnal Water Starwort): 'hardiness.max' is empty — setting to null.
DEBUG | id=9449 (Two Headed Water Starwort): 'hardiness.min' is empty — setting to null.
DEBUG | id=9449 (Two Headed Water Starwort): 'hardiness.max' is empty — setting to null.
DEBUG | id=9450 (Winged Water Starwort): 'hardiness.min' is empty — setting to null.
DEBUG | id=9450 (Winged Water Starwort): 'hardiness.max' is empty — setting to null.
DEBUG | id=9451 (Vernal Water Starwort): 'hardiness.min' is empty — setting to null.
DEBUG | id=9451 (Vernal Water Starwort): 'hardiness.max' is empty — setting to null.
DEBUG | id=9452 (Pond Water Starwort): 'hardiness.min' is empty — setting to null.
DEBUG | id=9452 (Pond Water Starwort): 'hardiness.max' is empty — setting to null.
DEBUG | id=9453 (Narrow-Winged Water-Starwort): 'hardiness.min' is empty — setting to null.
DEBUG | id=9453 (Narrow-Winged Water-Starwort): 'hardiness.max' is empty — setting to null.
DEBUG | id=9454 (Terrestrial Water Starwort): 'hardiness.min' is empty — setting to null.
DEBUG | id=9454 (Terrestrial Water Starwort): 'hardiness.max' is empty — setting to null.
DEBUG | id=9456 (Baker's Mariposa Lily): 'hardiness.min' is empty — setting to null.
DEBUG | id=9456 (Baker's Mariposa Lily): 'hardiness.max' is empty — setting to null.
DEBUG | id=9457 (Lyall's Mariposa Lily): 'hardiness.min' is empty — setting to null.
DEBUG | id=9457 (Lyall's Mariposa Lily): 'hardiness.max' is empty — setting to null.
DEBUG | id=9458 (Sagebrush Mariposa Lily): 'hardiness.min' is empty — setting to null.
DEBUG | id=9458 (Sagebrush Mariposa Lily): 'hardiness.max' is empty — setting to null.
DEBUG | id=9459 (Sagebrush Mariposa Lily): 'hardiness.min' is empty — setting to null.
DEBUG | id=9459 (Sagebrush Mariposa Lily): 'hardiness.max' is empty — setting to null.
DEBUG | id=9460 (Two Flower Marsh Marigold): 'hardiness.min' is empty — setting to null.
DEBUG | id=9460 (Two Flower Marsh Marigold): 'hardiness.max' is empty — setting to null.
DEBUG | id=9461 (Floating Marsh Marigold): 'hardiness.min' is empty — setting to null.
DEBUG | id=9461 (Floating Marsh Marigold): 'hardiness.max' is empty — setting to null.
DEBUG | id=9462 (Fairy Slipper): 'hardiness.min' is empty — setting to null.
DEBUG | id=9462 (Fairy Slipper): 'hardiness.max' is empty — setting to null.
DEBUG | id=9463 (Fairy Slipper): 'hardiness.min' is empty — setting to null.
DEBUG | id=9463 (Fairy Slipper): 'hardiness.max' is empty — setting to null.
DEBUG | id=9464 (Fairy Slipper): 'hardiness.min' is empty — setting to null.
DEBUG | id=9464 (Fairy Slipper): 'hardiness.max' is empty — setting to null.
DEBUG | id=9465 (Japanese False Bindweed): 'hardiness.min' is empty — setting to null.
DEBUG | id=9465 (Japanese False Bindweed): 'hardiness.max' is empty — setting to null.
DEBUG | id=9466 (Hairy False Bindweed): 'hardiness.min' is empty — setting to null.
DEBUG | id=9466 (Hairy False Bindweed): 'hardiness.max' is empty — setting to null.
DEBUG | id=9467 (Pubescent Bindweed): 'hardiness.min' is empty — setting to null.
DEBUG | id=9467 (Pubescent Bindweed): 'hardiness.max' is empty — setting to null.
DEBUG | id=9468 (Hedge Bindweed): 'hardiness.min' is empty — setting to null.
DEBUG | id=9468 (Hedge Bindweed): 'hardiness.max' is empty — setting to null.
DEBUG | id=9469 (American Bindweed): 'hardiness.min' is empty — setting to null.
DEBUG | id=9469 (American Bindweed): 'hardiness.max' is empty — setting to null.
DEBUG | id=9470 (Wild Morning Glory): 'hardiness.min' is empty — setting to null.
DEBUG | id=9470 (Wild Morning Glory): 'hardiness.max' is empty — setting to null.
DEBUG | id=9471 (Appalachia False Bindweed): 'hardiness.min' is empty — setting to null.
DEBUG | id=9471 (Appalachia False Bindweed): 'hardiness.max' is empty — setting to null.
DEBUG | id=9472 (Short-Stalked False Bindweed): 'hardiness.min' is empty — setting to null.
DEBUG | id=9472 (Short-Stalked False Bindweed): 'hardiness.max' is empty — setting to null.
DEBUG | id=9473 (Short-Stalked False Bindweed): 'hardiness.min' is empty — setting to null.
DEBUG | id=9473 (Short-Stalked False Bindweed): 'hardiness.max' is empty — setting to null.
DEBUG | id=9474 (Large Bindweed): 'hardiness.min' is empty — setting to null.
DEBUG | id=9474 (Large Bindweed): 'hardiness.max' is empty — setting to null.
DEBUG | id=9475 (Shortstalk False Bindweed): 'hardiness.min' is empty — setting to null.
DEBUG | id=9475 (Shortstalk False Bindweed): 'hardiness.max' is empty — setting to null.
DEBUG | id=9476 (Seashore False Bindweed): 'hardiness.min' is empty — setting to null.
DEBUG | id=9476 (Seashore False Bindweed): 'hardiness.max' is empty — setting to null.
DEBUG | id=9477 (Low False Bindweed): 'hardiness.min' is empty — setting to null.
DEBUG | id=9477 (Low False Bindweed): 'hardiness.max' is empty — setting to null.
DEBUG | id=9478 (Low False Bindweed): 'hardiness.min' is empty — setting to null.
DEBUG | id=9478 (Low False Bindweed): 'hardiness.max' is empty — setting to null.
DEBUG | id=9479 (Erect False Bindweed): 'hardiness.min' is empty — setting to null.
DEBUG | id=9479 (Erect False Bindweed): 'hardiness.max' is empty — setting to null.
DEBUG | id=9481 (Small Camas): 'hardiness.min' is empty — setting to null.
DEBUG | id=9481 (Small Camas): 'hardiness.max' is empty — setting to null.
DEBUG | id=9482 (Small Camas): 'hardiness.min' is empty — setting to null.
DEBUG | id=9482 (Small Camas): 'hardiness.max' is empty — setting to null.
DEBUG | id=9483 (Small Camas): 'hardiness.min' is empty — setting to null.
DEBUG | id=9483 (Small Camas): 'hardiness.max' is empty — setting to null.
DEBUG | id=9484 (Flat-Seed False-Flax): 'hardiness.min' is empty — setting to null.
DEBUG | id=9484 (Flat-Seed False-Flax): 'hardiness.max' is empty — setting to null.
DEBUG | id=9485 (Small-Seed False-Flax): 'hardiness.min' is empty — setting to null.
DEBUG | id=9485 (Small-Seed False-Flax): 'hardiness.max' is empty — setting to null.
DEBUG | id=9486 (Large-Seed False-Flax): 'hardiness.min' is empty — setting to null.
DEBUG | id=9486 (Large-Seed False-Flax): 'hardiness.max' is empty — setting to null.
DEBUG | id=9487 (Dwarf Contorted Suncup): 'hardiness.min' is empty — setting to null.
DEBUG | id=9487 (Dwarf Contorted Suncup): 'hardiness.max' is empty — setting to null.
DEBUG | id=9488 (Alaska Bellflower): 'hardiness.min' is empty — setting to null.
DEBUG | id=9488 (Alaska Bellflower): 'hardiness.max' is empty — setting to null.
DEBUG | id=9489 (Marsh Bellflower): 'hardiness.min' is empty — setting to null.
DEBUG | id=9489 (Marsh Bellflower): 'hardiness.max' is empty — setting to null.
DEBUG | id=9490 (Yukon Bellflower): 'hardiness.min' is empty — setting to null.
DEBUG | id=9490 (Yukon Bellflower): 'hardiness.max' is empty — setting to null.
DEBUG | id=9491 (Ear-Leaved Bellflower): 'hardiness.min' is empty — setting to null.
DEBUG | id=9491 (Ear-Leaved Bellflower): 'hardiness.max' is empty — setting to null.
DEBUG | id=9492 (Giesecke's Bellflower): 'hardiness.min' is empty — setting to null.
DEBUG | id=9492 (Giesecke's Bellflower): 'hardiness.max' is empty — setting to null.
DEBUG | id=9493 (Campanule Agglomérée): 'hardiness.min' is empty — setting to null.
DEBUG | id=9493 (Campanule Agglomérée): 'hardiness.max' is empty — setting to null.
DEBUG | id=9494 (Intermediate Bellflower): 'hardiness.min' is empty — setting to null.
DEBUG | id=9494 (Intermediate Bellflower): 'hardiness.max' is empty — setting to null.
DEBUG | id=9495 (Common Alaska Harebell): 'hardiness.min' is empty — setting to null.
DEBUG | id=9495 (Common Alaska Harebell): 'hardiness.max' is empty — setting to null.
DEBUG | id=9496 (Campanule À Feuilles Larges): 'hardiness.min' is empty — setting to null.
DEBUG | id=9496 (Campanule À Feuilles Larges): 'hardiness.max' is empty — setting to null.
DEBUG | id=9497 (Canterbury Bellflower): 'hardiness.min' is empty — setting to null.
DEBUG | id=9497 (Canterbury Bellflower): 'hardiness.max' is empty — setting to null.
DEBUG | id=9498 (Campanule À Feuilles De Pêcher): 'hardiness.min' is empty — setting to null.
DEBUG | id=9498 (Campanule À Feuilles De Pêcher): 'hardiness.max' is empty — setting to null.
DEBUG | id=9499 (Scouler's Harebell): 'hardiness.min' is empty — setting to null.
DEBUG | id=9499 (Scouler's Harebell): 'hardiness.max' is empty — setting to null.
DEBUG | id=9500 (Campanule Gantelée): 'hardiness.min' is empty — setting to null.
DEBUG | id=9500 (Campanule Gantelée): 'hardiness.max' is empty — setting to null.
DEBUG | id=9501 (Arctic Harebell): 'hardiness.min' is empty — setting to null.
DEBUG | id=9501 (Arctic Harebell): 'hardiness.max' is empty — setting to null.
DEBUG | id=9502 (Canada Aster): 'hardiness.min' is empty — setting to null.
DEBUG | id=9502 (Canada Aster): 'hardiness.max' is empty — setting to null.
DEBUG | id=9503 (Hemp): 'hardiness.min' is empty — setting to null.
DEBUG | id=9503 (Hemp): 'hardiness.max' is empty — setting to null.
DEBUG | id=9504 (Pink Corydalis): 'hardiness.min' is empty — setting to null.
DEBUG | id=9504 (Pink Corydalis): 'hardiness.max' is empty — setting to null.
DEBUG | id=9505 (Common Shepherd's Purse): 'hardiness.min' is empty — setting to null.
DEBUG | id=9505 (Common Shepherd's Purse): 'hardiness.max' is empty — setting to null.
DEBUG | id=9506 (Russian Pea Shrub): 'hardiness.min' is empty — setting to null.
DEBUG | id=9506 (Russian Pea Shrub): 'hardiness.max' is empty — setting to null.
DEBUG | id=9507 (Seaside Bittercress): 'hardiness.min' is empty — setting to null.
DEBUG | id=9507 (Seaside Bittercress): 'hardiness.max' is empty — setting to null.
DEBUG | id=9508 (Alpine Bitter Cress): 'hardiness.min' is empty — setting to null.
DEBUG | id=9508 (Alpine Bitter Cress): 'hardiness.max' is empty — setting to null.
DEBUG | id=9509 (Brewer's Bitter Cress): 'hardiness.min' is empty — setting to null.
DEBUG | id=9509 (Brewer's Bitter Cress): 'hardiness.max' is empty — setting to null.
DEBUG | id=9510 (Bulbous Bitter Cress): 'hardiness.min' is empty — setting to null.
DEBUG | id=9510 (Bulbous Bitter Cress): 'hardiness.max' is empty — setting to null.
DEBUG | id=9511 (Heart-Leaved Bittercress): 'hardiness.min' is empty — setting to null.
DEBUG | id=9511 (Heart-Leaved Bittercress): 'hardiness.max' is empty — setting to null.
DEBUG | id=9512 (New Zealand Bittercress): 'hardiness.min' is empty — setting to null.
DEBUG | id=9512 (New Zealand Bittercress): 'hardiness.max' is empty — setting to null.
DEBUG | id=9513 (Toothed Bittercress): 'hardiness.min' is empty — setting to null.
DEBUG | id=9513 (Toothed Bittercress): 'hardiness.max' is empty — setting to null.
DEBUG | id=9514 (Two Leaf Toothwort): 'hardiness.min' is empty — setting to null.
DEBUG | id=9514 (Two Leaf Toothwort): 'hardiness.max' is empty — setting to null.
DEBUG | id=9515 (Purple Cress): 'hardiness.min' is empty — setting to null.
DEBUG | id=9515 (Purple Cress): 'hardiness.max' is empty — setting to null.
DEBUG | id=9516 (Woodland Bittercress): 'hardiness.min' is empty — setting to null.
DEBUG | id=9516 (Woodland Bittercress): 'hardiness.max' is empty — setting to null.
DEBUG | id=9517 (Hairy Bitter Cress): 'hardiness.min' is empty — setting to null.
DEBUG | id=9517 (Hairy Bitter Cress): 'hardiness.max' is empty — setting to null.
DEBUG | id=9518 (Narrow-Leaved Bittercress): 'hardiness.min' is empty — setting to null.
DEBUG | id=9518 (Narrow-Leaved Bittercress): 'hardiness.max' is empty — setting to null.
DEBUG | id=9519 (Large Toothwort): 'hardiness.min' is empty — setting to null.
DEBUG | id=9519 (Large Toothwort): 'hardiness.max' is empty — setting to null.
DEBUG | id=9520 (Littleleaf Bittercress): 'hardiness.min' is empty — setting to null.
DEBUG | id=9520 (Littleleaf Bittercress): 'hardiness.max' is empty — setting to null.
DEBUG | id=9521 (Nuttall's Toothwort): 'hardiness.min' is empty — setting to null.
DEBUG | id=9521 (Nuttall's Toothwort): 'hardiness.max' is empty — setting to null.
DEBUG | id=9522 (Western Bitter Cress): 'hardiness.min' is empty — setting to null.
DEBUG | id=9522 (Western Bitter Cress): 'hardiness.max' is empty — setting to null.
DEBUG | id=9523 (Little Western Bittercress): 'hardiness.min' is empty — setting to null.
DEBUG | id=9523 (Little Western Bittercress): 'hardiness.max' is empty — setting to null.
DEBUG | id=9524 (Small Flower Bittercress): 'hardiness.min' is empty — setting to null.
DEBUG | id=9524 (Small Flower Bittercress): 'hardiness.max' is empty — setting to null.
DEBUG | id=9525 (Nyman's Cuckooflower): 'hardiness.min' is empty — setting to null.
DEBUG | id=9525 (Nyman's Cuckooflower): 'hardiness.max' is empty — setting to null.
DEBUG | id=9526 (Purple Bittercress): 'hardiness.min' is empty — setting to null.
DEBUG | id=9526 (Purple Bittercress): 'hardiness.max' is empty — setting to null.
DEBUG | id=9527 (Umbel Bittercress): 'hardiness.min' is empty — setting to null.
DEBUG | id=9527 (Umbel Bittercress): 'hardiness.max' is empty — setting to null.
DEBUG | id=9528 (Sandmat): 'hardiness.min' is empty — setting to null.
DEBUG | id=9528 (Sandmat): 'hardiness.max' is empty — setting to null.
DEBUG | id=9529 (Spiny Plumeless Thistle): 'hardiness.min' is empty — setting to null.
DEBUG | id=9529 (Spiny Plumeless Thistle): 'hardiness.max' is empty — setting to null.
DEBUG | id=9530 (Spiny Plumeless Thistle): 'hardiness.min' is empty — setting to null.
DEBUG | id=9530 (Spiny Plumeless Thistle): 'hardiness.max' is empty — setting to null.
DEBUG | id=9531 (Nodding Thistle): 'hardiness.min' is empty — setting to null.
DEBUG | id=9531 (Nodding Thistle): 'hardiness.max' is empty — setting to null.
DEBUG | id=9532 (Nodding Thistle): 'hardiness.min' is empty — setting to null.
DEBUG | id=9532 (Nodding Thistle): 'hardiness.max' is empty — setting to null.
DEBUG | id=9533 (Smooth-Leaved Nodding Thistle): 'hardiness.min' is empty — setting to null.
DEBUG | id=9533 (Smooth-Leaved Nodding Thistle): 'hardiness.max' is empty — setting to null.
DEBUG | id=9534 (Plumeless Thistle): 'hardiness.min' is empty — setting to null.
DEBUG | id=9534 (Plumeless Thistle): 'hardiness.max' is empty — setting to null.
DEBUG | id=9535 (Circumpolar Sedge): 'hardiness.min' is empty — setting to null.
DEBUG | id=9535 (Circumpolar Sedge): 'hardiness.max' is empty — setting to null.
DEBUG | id=9536 (Crowded Sedge): 'hardiness.min' is empty — setting to null.
DEBUG | id=9536 (Crowded Sedge): 'hardiness.max' is empty — setting to null.
DEBUG | id=9537 (Glomerate Sedge): 'hardiness.min' is empty — setting to null.
DEBUG | id=9537 (Glomerate Sedge): 'hardiness.max' is empty — setting to null.
DEBUG | id=9538 (White-Tinged Sedge): 'hardiness.min' is empty — setting to null.
DEBUG | id=9538 (White-Tinged Sedge): 'hardiness.max' is empty — setting to null.
DEBUG | id=9539 (White Bear Sedge): 'hardiness.min' is empty — setting to null.
DEBUG | id=9539 (White Bear Sedge): 'hardiness.max' is empty — setting to null.
DEBUG | id=9540 (Sturdy Sedge): 'hardiness.min' is empty — setting to null.
DEBUG | id=9540 (Sturdy Sedge): 'hardiness.max' is empty — setting to null.
DEBUG | id=9541 (Foxtail Sedge): 'hardiness.min' is empty — setting to null.
DEBUG | id=9541 (Foxtail Sedge): 'hardiness.max' is empty — setting to null.
DEBUG | id=9542 (Eastern Narrowleaf Sedge): 'hardiness.min' is empty — setting to null.
DEBUG | id=9542 (Eastern Narrowleaf Sedge): 'hardiness.max' is empty — setting to null.
DEBUG | id=9543 (Bigleaf Sedge): 'hardiness.min' is empty — setting to null.
DEBUG | id=9543 (Bigleaf Sedge): 'hardiness.max' is empty — setting to null.
DEBUG | id=9544 (Columbia Sedge): 'hardiness.min' is empty — setting to null.
DEBUG | id=9544 (Columbia Sedge): 'hardiness.max' is empty — setting to null.
DEBUG | id=9545 (Appalachian Sedge): 'hardiness.min' is empty — setting to null.
DEBUG | id=9545 (Appalachian Sedge): 'hardiness.max' is empty — setting to null.
DEBUG | id=9546 (Sedge): 'hardiness.min' is empty — setting to null.
DEBUG | id=9546 (Sedge): 'hardiness.max' is empty — setting to null.
DEBUG | id=9547 (Sitka Sedge): 'hardiness.min' is empty — setting to null.
DEBUG | id=9547 (Sitka Sedge): 'hardiness.max' is empty — setting to null.
DEBUG | id=9548 (Hybrid Sedge): 'hardiness.min' is empty — setting to null.
DEBUG | id=9548 (Hybrid Sedge): 'hardiness.max' is empty — setting to null.
DEBUG | id=9549 (Arctic Water Sedge): 'hardiness.min' is empty — setting to null.
DEBUG | id=9549 (Arctic Water Sedge): 'hardiness.max' is empty — setting to null.
DEBUG | id=9550 (Calcareous Water Sedge): 'hardiness.min' is empty — setting to null.
DEBUG | id=9550 (Calcareous Water Sedge): 'hardiness.max' is empty — setting to null.
DEBUG | id=9551 (Drooping Wood Sedge): 'hardiness.min' is empty — setting to null.
DEBUG | id=9551 (Drooping Wood Sedge): 'hardiness.max' is empty — setting to null.
DEBUG | id=9552 (Polar Sedge): 'hardiness.min' is empty — setting to null.
DEBUG | id=9552 (Polar Sedge): 'hardiness.max' is empty — setting to null.
DEBUG | id=9553 (Hay Sedge): 'hardiness.min' is empty — setting to null.
DEBUG | id=9553 (Hay Sedge): 'hardiness.max' is empty — setting to null.
DEBUG | id=9554 (Assiniboia Sedge): 'hardiness.min' is empty — setting to null.
DEBUG | id=9554 (Assiniboia Sedge): 'hardiness.max' is empty — setting to null.
DEBUG | id=9555 (Slender Beaked Sedge): 'hardiness.min' is empty — setting to null.
DEBUG | id=9555 (Slender Beaked Sedge): 'hardiness.max' is empty — setting to null.
DEBUG | id=9556 (Prickly Bog Sedge): 'hardiness.min' is empty — setting to null.
DEBUG | id=9556 (Prickly Bog Sedge): 'hardiness.max' is empty — setting to null.
DEBUG | id=9557 (Atlantic Sedge): 'hardiness.min' is empty — setting to null.
DEBUG | id=9557 (Atlantic Sedge): 'hardiness.max' is empty — setting to null.
DEBUG | id=9558 (Howe's Sedge): 'hardiness.min' is empty — setting to null.
DEBUG | id=9558 (Howe's Sedge): 'hardiness.max' is empty — setting to null.
DEBUG | id=9559 (Blackened Sedge): 'hardiness.min' is empty — setting to null.
DEBUG | id=9559 (Blackened Sedge): 'hardiness.max' is empty — setting to null.
DEBUG | id=9560 (Black Sedge): 'hardiness.min' is empty — setting to null.
DEBUG | id=9560 (Black Sedge): 'hardiness.max' is empty — setting to null.
DEBUG | id=9561 (Scorched Alpine Sedge): 'hardiness.min' is empty — setting to null.
DEBUG | id=9561 (Scorched Alpine Sedge): 'hardiness.max' is empty — setting to null.
DEBUG | id=9562 (Sedge): 'hardiness.min' is empty — setting to null.
DEBUG | id=9562 (Sedge): 'hardiness.max' is empty — setting to null.
DEBUG | id=9563 (Golden Fruit Sedge): 'hardiness.min' is empty — setting to null.
DEBUG | id=9563 (Golden Fruit Sedge): 'hardiness.max' is empty — setting to null.
DEBUG | id=9564 (Rocky Mountain Sedge): 'hardiness.min' is empty — setting to null.
DEBUG | id=9564 (Rocky Mountain Sedge): 'hardiness.max' is empty — setting to null.
DEBUG | id=9565 (Bailey's Sedge): 'hardiness.min' is empty — setting to null.
DEBUG | id=9565 (Bailey's Sedge): 'hardiness.max' is empty — setting to null.
DEBUG | id=9566 (Santa Barbara Sedge): 'hardiness.min' is empty — setting to null.
DEBUG | id=9566 (Santa Barbara Sedge): 'hardiness.max' is empty — setting to null.
DEBUG | id=9567 (Sedge): 'hardiness.min' is empty — setting to null.
DEBUG | id=9567 (Sedge): 'hardiness.max' is empty — setting to null.
DEBUG | id=9568 (Two Color Sedge): 'hardiness.min' is empty — setting to null.
DEBUG | id=9568 (Two Color Sedge): 'hardiness.max' is empty — setting to null.
DEBUG | id=9569 (Sedge): 'hardiness.min' is empty — setting to null.
DEBUG | id=9569 (Sedge): 'hardiness.max' is empty — setting to null.
DEBUG | id=9570 (Spruce Muskeg Sedge): 'hardiness.min' is empty — setting to null.
DEBUG | id=9570 (Spruce Muskeg Sedge): 'hardiness.max' is empty — setting to null.
DEBUG | id=9571 (Sedge): 'hardiness.min' is empty — setting to null.
DEBUG | id=9571 (Sedge): 'hardiness.max' is empty — setting to null.
DEBUG | id=9572 (Billings' Sedge): 'hardiness.min' is empty — setting to null.
DEBUG | id=9572 (Billings' Sedge): 'hardiness.max' is empty — setting to null.
DEBUG | id=9573 (Common Wood Sedge): 'hardiness.min' is empty — setting to null.
DEBUG | id=9573 (Common Wood Sedge): 'hardiness.max' is empty — setting to null.
DEBUG | id=9574 (Bolander's Sedge): 'hardiness.min' is empty — setting to null.
DEBUG | id=9574 (Bolander's Sedge): 'hardiness.max' is empty — setting to null.
DEBUG | id=9575 (Siberian Kobresia): 'hardiness.min' is empty — setting to null.
DEBUG | id=9575 (Siberian Kobresia): 'hardiness.max' is empty — setting to null.
DEBUG | id=9576 (Fescue Sedge): 'hardiness.min' is empty — setting to null.
DEBUG | id=9576 (Fescue Sedge): 'hardiness.max' is empty — setting to null.
DEBUG | id=9577 (Sedge): 'hardiness.min' is empty — setting to null.
DEBUG | id=9577 (Sedge): 'hardiness.max' is empty — setting to null.
DEBUG | id=9578 (Brome-Like Sedge): 'hardiness.min' is empty — setting to null.
DEBUG | id=9578 (Brome-Like Sedge): 'hardiness.max' is empty — setting to null.
DEBUG | id=9579 (Brownish Sedge): 'hardiness.min' is empty — setting to null.
DEBUG | id=9579 (Brownish Sedge): 'hardiness.max' is empty — setting to null.
DEBUG | id=9580 (Brownish Sedge): 'hardiness.min' is empty — setting to null.
DEBUG | id=9580 (Brownish Sedge): 'hardiness.max' is empty — setting to null.
DEBUG | id=9581 (Sedge): 'hardiness.min' is empty — setting to null.
DEBUG | id=9581 (Sedge): 'hardiness.max' is empty — setting to null.
DEBUG | id=9582 (Round-Spike Brownish Sedge): 'hardiness.min' is empty — setting to null.
DEBUG | id=9582 (Round-Spike Brownish Sedge): 'hardiness.max' is empty — setting to null.
DEBUG | id=9583 (Button Sedge): 'hardiness.min' is empty — setting to null.
DEBUG | id=9583 (Button Sedge): 'hardiness.max' is empty — setting to null.
DEBUG | id=9584 (Buxbaum's Sedge): 'hardiness.min' is empty — setting to null.
DEBUG | id=9584 (Buxbaum's Sedge): 'hardiness.max' is empty — setting to null.
DEBUG | id=9585 (Hoary Sedge): 'hardiness.min' is empty — setting to null.
DEBUG | id=9585 (Hoary Sedge): 'hardiness.max' is empty — setting to null.
DEBUG | id=9586 (Sedge): 'hardiness.min' is empty — setting to null.
DEBUG | id=9586 (Sedge): 'hardiness.max' is empty — setting to null.
DEBUG | id=9587 (Silvery Sedge): 'hardiness.min' is empty — setting to null.
DEBUG | id=9587 (Silvery Sedge): 'hardiness.max' is empty — setting to null.
DEBUG | id=9588 (Hair Like Sedge): 'hardiness.min' is empty — setting to null.
DEBUG | id=9588 (Hair Like Sedge): 'hardiness.max' is empty — setting to null.
DEBUG | id=9589 (Hair-Like Sedge): 'hardiness.min' is empty — setting to null.
DEBUG | id=9589 (Hair-Like Sedge): 'hardiness.max' is empty — setting to null.
DEBUG | id=9590 (Capitate Sedge): 'hardiness.min' is empty — setting to null.
DEBUG | id=9590 (Capitate Sedge): 'hardiness.max' is empty — setting to null.
DEBUG | id=9591 (Carey's Sedge): 'hardiness.min' is empty — setting to null.
DEBUG | id=9591 (Carey's Sedge): 'hardiness.max' is empty — setting to null.
DEBUG | id=9592 (Spring Sedge): 'hardiness.min' is empty — setting to null.
DEBUG | id=9592 (Spring Sedge): 'hardiness.max' is empty — setting to null.
DEBUG | id=9593 (Chestnut Colored Sedge): 'hardiness.min' is empty — setting to null.
DEBUG | id=9593 (Chestnut Colored Sedge): 'hardiness.max' is empty — setting to null.
DEBUG | id=9594 (Sedge): 'hardiness.min' is empty — setting to null.
DEBUG | id=9594 (Sedge): 'hardiness.max' is empty — setting to null.
DEBUG | id=9595 (Thinleaf Sedge): 'hardiness.min' is empty — setting to null.
DEBUG | id=9595 (Thinleaf Sedge): 'hardiness.max' is empty — setting to null.
DEBUG | id=9596 (Oval Leaf Sedge): 'hardiness.min' is empty — setting to null.
DEBUG | id=9596 (Oval Leaf Sedge): 'hardiness.max' is empty — setting to null.
DEBUG | id=9597 (Creeping Sedge): 'hardiness.min' is empty — setting to null.
DEBUG | id=9597 (Creeping Sedge): 'hardiness.max' is empty — setting to null.
DEBUG | id=9598 (Coiled Sedge): 'hardiness.min' is empty — setting to null.
DEBUG | id=9598 (Coiled Sedge): 'hardiness.max' is empty — setting to null.
DEBUG | id=9599 (Fibrous Root Sedge): 'hardiness.min' is empty — setting to null.
DEBUG | id=9599 (Fibrous Root Sedge): 'hardiness.max' is empty — setting to null.
DEBUG | id=9600 (Fibrous-Root Sedge): 'hardiness.min' is empty — setting to null.
DEBUG | id=9600 (Fibrous-Root Sedge): 'hardiness.max' is empty — setting to null.
DEBUG | id=9601 (Bristly Sedge): 'hardiness.min' is empty — setting to null.
DEBUG | id=9601 (Bristly Sedge): 'hardiness.max' is empty — setting to null.
DEBUG | id=9602 (Beautiful Sedge): 'hardiness.min' is empty — setting to null.
DEBUG | id=9602 (Beautiful Sedge): 'hardiness.max' is empty — setting to null.
DEBUG | id=9603 (Northwestern Sedge): 'hardiness.min' is empty — setting to null.
DEBUG | id=9603 (Northwestern Sedge): 'hardiness.max' is empty — setting to null.
DEBUG | id=9604 (Field Sedge): 'hardiness.min' is empty — setting to null.
DEBUG | id=9604 (Field Sedge): 'hardiness.max' is empty — setting to null.
DEBUG | id=9605 (Cordilleran Sedge): 'hardiness.min' is empty — setting to null.
DEBUG | id=9605 (Cordilleran Sedge): 'hardiness.max' is empty — setting to null.
DEBUG | id=9606 (Crawe's Sedge): 'hardiness.min' is empty — setting to null.
DEBUG | id=9606 (Crawe's Sedge): 'hardiness.max' is empty — setting to null.
DEBUG | id=9607 (Crawford's Sedge): 'hardiness.min' is empty — setting to null.
DEBUG | id=9607 (Crawford's Sedge): 'hardiness.max' is empty — setting to null.
DEBUG | id=9608 (Fringed Sedge): 'hardiness.min' is empty — setting to null.
DEBUG | id=9608 (Fringed Sedge): 'hardiness.max' is empty — setting to null.
DEBUG | id=9609 (Sedge): 'hardiness.min' is empty — setting to null.
DEBUG | id=9609 (Sedge): 'hardiness.max' is empty — setting to null.
DEBUG | id=9610 (Northeastern Sedge): 'hardiness.min' is empty — setting to null.
DEBUG | id=9610 (Northeastern Sedge): 'hardiness.max' is empty — setting to null.
DEBUG | id=9611 (Clustered Sedge): 'hardiness.min' is empty — setting to null.
DEBUG | id=9611 (Clustered Sedge): 'hardiness.max' is empty — setting to null.
DEBUG | id=9612 (Sedge): 'hardiness.min' is empty — setting to null.
DEBUG | id=9612 (Sedge): 'hardiness.max' is empty — setting to null.
DEBUG | id=9613 (Cusick's Sedge): 'hardiness.min' is empty — setting to null.
DEBUG | id=9613 (Cusick's Sedge): 'hardiness.max' is empty — setting to null.
DEBUG | id=9614 (White Edge Sedge): 'hardiness.min' is empty — setting to null.
DEBUG | id=9614 (White Edge Sedge): 'hardiness.max' is empty — setting to null.
DEBUG | id=9615 (White Edge Sedge): 'hardiness.min' is empty — setting to null.
DEBUG | id=9615 (White Edge Sedge): 'hardiness.max' is empty — setting to null.
DEBUG | id=9616 (Short Stemmed Sedge): 'hardiness.min' is empty — setting to null.
DEBUG | id=9616 (Short Stemmed Sedge): 'hardiness.max' is empty — setting to null.
DEBUG | id=9617 (Bent Northern Sedge): 'hardiness.min' is empty — setting to null.
DEBUG | id=9617 (Bent Northern Sedge): 'hardiness.max' is empty — setting to null.
DEBUG | id=9618 (Boott's Sedge): 'hardiness.min' is empty — setting to null.
DEBUG | id=9618 (Boott's Sedge): 'hardiness.max' is empty — setting to null.
DEBUG | id=9619 (Short Scale Sedge): 'hardiness.min' is empty — setting to null.
DEBUG | id=9619 (Short Scale Sedge): 'hardiness.max' is empty — setting to null.
DEBUG | id=9620 (Dewey's Sedge): 'hardiness.min' is empty — setting to null.
DEBUG | id=9620 (Dewey's Sedge): 'hardiness.max' is empty — setting to null.
DEBUG | id=9621 (Roundfruit Sedge): 'hardiness.min' is empty — setting to null.
DEBUG | id=9621 (Roundfruit Sedge): 'hardiness.max' is empty — setting to null.
DEBUG | id=9622 (Lesser Panicled Sedge): 'hardiness.min' is empty — setting to null.
DEBUG | id=9622 (Lesser Panicled Sedge): 'hardiness.max' is empty — setting to null.
DEBUG | id=9623 (Slender Woodland Sedge): 'hardiness.min' is empty — setting to null.
DEBUG | id=9623 (Slender Woodland Sedge): 'hardiness.max' is empty — setting to null.
DEBUG | id=9624 (Slender Woodland Sedge): 'hardiness.min' is empty — setting to null.
DEBUG | id=9624 (Slender Woodland Sedge): 'hardiness.max' is empty — setting to null.
DEBUG | id=9625 (Softleaf Sedge): 'hardiness.min' is empty — setting to null.
DEBUG | id=9625 (Softleaf Sedge): 'hardiness.max' is empty — setting to null.
DEBUG | id=9626 (Distant Sedge): 'hardiness.min' is empty — setting to null.
DEBUG | id=9626 (Distant Sedge): 'hardiness.max' is empty — setting to null.
DEBUG | id=9627 (Tworank Sedge): 'hardiness.min' is empty — setting to null.
DEBUG | id=9627 (Tworank Sedge): 'hardiness.max' is empty — setting to null.
DEBUG | id=9628 (Grassland Sedge): 'hardiness.min' is empty — setting to null.
DEBUG | id=9628 (Grassland Sedge): 'hardiness.max' is empty — setting to null.
DEBUG | id=9629 (Douglas' Sedge): 'hardiness.min' is empty — setting to null.
DEBUG | id=9629 (Douglas' Sedge): 'hardiness.max' is empty — setting to null.
DEBUG | id=9630 (Narrow Leaved Sedge): 'hardiness.min' is empty — setting to null.
DEBUG | id=9630 (Narrow Leaved Sedge): 'hardiness.max' is empty — setting to null.
DEBUG | id=9631 (Ebony Sedge): 'hardiness.min' is empty — setting to null.
DEBUG | id=9631 (Ebony Sedge): 'hardiness.max' is empty — setting to null.
DEBUG | id=9632 (Little Prickly Sedge): 'hardiness.min' is empty — setting to null.
DEBUG | id=9632 (Little Prickly Sedge): 'hardiness.max' is empty — setting to null.
DEBUG | id=9633 (Star Sedge): 'hardiness.min' is empty — setting to null.
DEBUG | id=9633 (Star Sedge): 'hardiness.max' is empty — setting to null.
DEBUG | id=9634 (Sedge): 'hardiness.min' is empty — setting to null.
DEBUG | id=9634 (Sedge): 'hardiness.max' is empty — setting to null.
DEBUG | id=9635 (Coastal Stellate Sedge): 'hardiness.min' is empty — setting to null.
DEBUG | id=9635 (Coastal Stellate Sedge): 'hardiness.max' is empty — setting to null.
DEBUG | id=9636 (Quill Sedge): 'hardiness.min' is empty — setting to null.
DEBUG | id=9636 (Quill Sedge): 'hardiness.max' is empty — setting to null.
DEBUG | id=9637 (Goosegrass Sedge): 'hardiness.min' is empty — setting to null.
DEBUG | id=9637 (Goosegrass Sedge): 'hardiness.max' is empty — setting to null.
DEBUG | id=9638 (Emory's Sedge): 'hardiness.min' is empty — setting to null.
DEBUG | id=9638 (Emory's Sedge): 'hardiness.max' is empty — setting to null.
DEBUG | id=9639 (Enander's Sedge): 'hardiness.min' is empty — setting to null.
DEBUG | id=9639 (Enander's Sedge): 'hardiness.max' is empty — setting to null.
DEBUG | id=9640 (Blackened Sedge): 'hardiness.min' is empty — setting to null.
DEBUG | id=9640 (Blackened Sedge): 'hardiness.max' is empty — setting to null.
DEBUG | id=9641 (Western Inflated Sedge): 'hardiness.min' is empty — setting to null.
DEBUG | id=9641 (Western Inflated Sedge): 'hardiness.max' is empty — setting to null.
DEBUG | id=9642 (Sedge): 'hardiness.min' is empty — setting to null.
DEBUG | id=9642 (Sedge): 'hardiness.max' is empty — setting to null.
DEBUG | id=9643 (Fescue Sedge): 'hardiness.min' is empty — setting to null.
DEBUG | id=9643 (Fescue Sedge): 'hardiness.max' is empty — setting to null.
DEBUG | id=9644 (Green Sheathed Sedge): 'hardiness.min' is empty — setting to null.
DEBUG | id=9644 (Green Sheathed Sedge): 'hardiness.max' is empty — setting to null.
DEBUG | id=9645 (Thread Leaved Sedge): 'hardiness.min' is empty — setting to null.
DEBUG | id=9645 (Thread Leaved Sedge): 'hardiness.max' is empty — setting to null.
DEBUG | id=9646 (Thread-Leaved Sedge): 'hardiness.min' is empty — setting to null.
DEBUG | id=9646 (Thread-Leaved Sedge): 'hardiness.max' is empty — setting to null.
DEBUG | id=9647 (Yellow Sedge): 'hardiness.min' is empty — setting to null.
DEBUG | id=9647 (Yellow Sedge): 'hardiness.max' is empty — setting to null.
DEBUG | id=9648 (Bronze Sedge): 'hardiness.min' is empty — setting to null.
DEBUG | id=9648 (Bronze Sedge): 'hardiness.max' is empty — setting to null.
DEBUG | id=9649 (Sedge): 'hardiness.min' is empty — setting to null.
DEBUG | id=9649 (Sedge): 'hardiness.max' is empty — setting to null.
DEBUG | id=9650 (Long Sedge): 'hardiness.min' is empty — setting to null.
DEBUG | id=9650 (Long Sedge): 'hardiness.max' is empty — setting to null.
DEBUG | id=9651 (Sedge): 'hardiness.min' is empty — setting to null.
DEBUG | id=9651 (Sedge): 'hardiness.max' is empty — setting to null.
DEBUG | id=9652 (Handsome Sedge): 'hardiness.min' is empty — setting to null.
DEBUG | id=9652 (Handsome Sedge): 'hardiness.max' is empty — setting to null.
DEBUG | id=9653 (Short-Leaved Sedge): 'hardiness.min' is empty — setting to null.
DEBUG | id=9653 (Short-Leaved Sedge): 'hardiness.max' is empty — setting to null.
DEBUG | id=9654 (Elk Sedge): 'hardiness.min' is empty — setting to null.
DEBUG | id=9654 (Elk Sedge): 'hardiness.max' is empty — setting to null.
DEBUG | id=9655 (Alpine Sedge): 'hardiness.min' is empty — setting to null.
DEBUG | id=9655 (Alpine Sedge): 'hardiness.max' is empty — setting to null.
DEBUG | id=9656 (Sedge): 'hardiness.min' is empty — setting to null.
DEBUG | id=9656 (Sedge): 'hardiness.max' is empty — setting to null.
DEBUG | id=9657 (Arctic Hare's Foot Sedge): 'hardiness.min' is empty — setting to null.
DEBUG | id=9657 (Arctic Hare's Foot Sedge): 'hardiness.max' is empty — setting to null.
DEBUG | id=9658 (Blue Sedge): 'hardiness.min' is empty — setting to null.
DEBUG | id=9658 (Blue Sedge): 'hardiness.max' is empty — setting to null.
DEBUG | id=9659 (Gmelin's Sedge): 'hardiness.min' is empty — setting to null.
DEBUG | id=9659 (Gmelin's Sedge): 'hardiness.max' is empty — setting to null.
DEBUG | id=9660 (Graceful Sedge): 'hardiness.min' is empty — setting to null.
DEBUG | id=9660 (Graceful Sedge): 'hardiness.max' is empty — setting to null.
DEBUG | id=9661 (Heavy Sedge): 'hardiness.min' is empty — setting to null.
DEBUG | id=9661 (Heavy Sedge): 'hardiness.max' is empty — setting to null.
DEBUG | id=9662 (Inflated Narrow Leaf Sedge): 'hardiness.min' is empty — setting to null.
DEBUG | id=9662 (Inflated Narrow Leaf Sedge): 'hardiness.max' is empty — setting to null.
DEBUG | id=9663 (Nodding Sedge): 'hardiness.min' is empty — setting to null.
DEBUG | id=9663 (Nodding Sedge): 'hardiness.max' is empty — setting to null.
DEBUG | id=9664 (Northern Bog Sedge): 'hardiness.min' is empty — setting to null.
DEBUG | id=9664 (Northern Bog Sedge): 'hardiness.max' is empty — setting to null.
DEBUG | id=9665 (Hall's Sedge): 'hardiness.min' is empty — setting to null.
DEBUG | id=9665 (Hall's Sedge): 'hardiness.max' is empty — setting to null.
DEBUG | id=9666 (Hasse's Sedge): 'hardiness.min' is empty — setting to null.
DEBUG | id=9666 (Hasse's Sedge): 'hardiness.max' is empty — setting to null.
DEBUG | id=9667 (Cloud Sedge): 'hardiness.min' is empty — setting to null.
DEBUG | id=9667 (Cloud Sedge): 'hardiness.max' is empty — setting to null.
DEBUG | id=9668 (Hudson Bay Sedge): 'hardiness.min' is empty — setting to null.
DEBUG | id=9668 (Hudson Bay Sedge): 'hardiness.max' is empty — setting to null.
DEBUG | id=9669 (Henderson's Sedge): 'hardiness.min' is empty — setting to null.
DEBUG | id=9669 (Henderson's Sedge): 'hardiness.max' is empty — setting to null.
DEBUG | id=9670 (Hirsute Sedge): 'hardiness.min' is empty — setting to null.
DEBUG | id=9670 (Hirsute Sedge): 'hardiness.max' is empty — setting to null.
DEBUG | id=9671 (Hammer Sedge): 'hardiness.min' is empty — setting to null.
DEBUG | id=9671 (Hammer Sedge): 'hardiness.max' is empty — setting to null.
DEBUG | id=9672 (Pubescent Sedge): 'hardiness.min' is empty — setting to null.
DEBUG | id=9672 (Pubescent Sedge): 'hardiness.max' is empty — setting to null.
DEBUG | id=9673 (Hitchcock's Sedge): 'hardiness.min' is empty — setting to null.
DEBUG | id=9673 (Hitchcock's Sedge): 'hardiness.max' is empty — setting to null.
DEBUG | id=9674 (Arctic Marsh Sedge): 'hardiness.min' is empty — setting to null.
DEBUG | id=9674 (Arctic Marsh Sedge): 'hardiness.max' is empty — setting to null.
DEBUG | id=9675 (Hood's Sedge): 'hardiness.min' is empty — setting to null.
DEBUG | id=9675 (Hood's Sedge): 'hardiness.max' is empty — setting to null.
DEBUG | id=9676 (Hooker's Sedge): 'hardiness.min' is empty — setting to null.
DEBUG | id=9676 (Hooker's Sedge): 'hardiness.max' is empty — setting to null.
DEBUG | id=9677 (Marsh Straw Sedge): 'hardiness.min' is empty — setting to null.
DEBUG | id=9677 (Marsh Straw Sedge): 'hardiness.max' is empty — setting to null.
DEBUG | id=9678 (Host Sedge): 'hardiness.min' is empty — setting to null.
DEBUG | id=9678 (Host Sedge): 'hardiness.max' is empty — setting to null.
DEBUG | id=9679 (Houghton's Sedge): 'hardiness.min' is empty — setting to null.
DEBUG | id=9679 (Houghton's Sedge): 'hardiness.max' is empty — setting to null.
DEBUG | id=9680 (Shore Line Sedge): 'hardiness.min' is empty — setting to null.
DEBUG | id=9680 (Shore Line Sedge): 'hardiness.max' is empty — setting to null.
DEBUG | id=9681 (Porcupine Sedge): 'hardiness.min' is empty — setting to null.
DEBUG | id=9681 (Porcupine Sedge): 'hardiness.max' is empty — setting to null.
DEBUG | id=9682 (Sheep Sedge): 'hardiness.min' is empty — setting to null.
DEBUG | id=9682 (Sheep Sedge): 'hardiness.max' is empty — setting to null.
DEBUG | id=9683 (Coastal Sand Sedge): 'hardiness.min' is empty — setting to null.
DEBUG | id=9683 (Coastal Sand Sedge): 'hardiness.max' is empty — setting to null.
DEBUG | id=9684 (Long Stolon Sedge): 'hardiness.min' is empty — setting to null.
DEBUG | id=9684 (Long Stolon Sedge): 'hardiness.max' is empty — setting to null.
DEBUG | id=9685 (Sun Sedge): 'hardiness.min' is empty — setting to null.
DEBUG | id=9685 (Sun Sedge): 'hardiness.max' is empty — setting to null.
DEBUG | id=9686 (Sedge): 'hardiness.min' is empty — setting to null.
DEBUG | id=9686 (Sedge): 'hardiness.max' is empty — setting to null.
DEBUG | id=9687 (James' Sedge): 'hardiness.min' is empty — setting to null.
DEBUG | id=9687 (James' Sedge): 'hardiness.max' is empty — setting to null.
DEBUG | id=9688 (Jones' Sedge): 'hardiness.min' is empty — setting to null.
DEBUG | id=9688 (Jones' Sedge): 'hardiness.max' is empty — setting to null.
DEBUG | id=9689 (Juniper Sedge): 'hardiness.min' is empty — setting to null.
DEBUG | id=9689 (Juniper Sedge): 'hardiness.max' is empty — setting to null.
DEBUG | id=9690 (Hybrid Sedge): 'hardiness.min' is empty — setting to null.
DEBUG | id=9690 (Hybrid Sedge): 'hardiness.max' is empty — setting to null.
DEBUG | id=9691 (Hinds' Sedge): 'hardiness.min' is empty — setting to null.
DEBUG | id=9691 (Hinds' Sedge): 'hardiness.max' is empty — setting to null.
DEBUG | id=9692 (Krause's Sedge): 'hardiness.min' is empty — setting to null.
DEBUG | id=9692 (Krause's Sedge): 'hardiness.max' is empty — setting to null.
DEBUG | id=9693 (Sedge): 'hardiness.min' is empty — setting to null.
DEBUG | id=9693 (Sedge): 'hardiness.max' is empty — setting to null.
DEBUG | id=9694 (Lakebank Sedge): 'hardiness.min' is empty — setting to null.
DEBUG | id=9694 (Lakebank Sedge): 'hardiness.max' is empty — setting to null.
DEBUG | id=9695 (Sedge): 'hardiness.min' is empty — setting to null.
DEBUG | id=9695 (Sedge): 'hardiness.max' is empty — setting to null.
DEBUG | id=9696 (Smoothcone Sedge): 'hardiness.min' is empty — setting to null.
DEBUG | id=9696 (Smoothcone Sedge): 'hardiness.max' is empty — setting to null.
DEBUG | id=9697 (Smoothstem Sedge): 'hardiness.min' is empty — setting to null.
DEBUG | id=9697 (Smoothstem Sedge): 'hardiness.max' is empty — setting to null.
DEBUG | id=9698 (Smooth Sheath Sedge): 'hardiness.min' is empty — setting to null.
DEBUG | id=9698 (Smooth Sheath Sedge): 'hardiness.max' is empty — setting to null.
DEBUG | id=9699 (Lapland Sedge): 'hardiness.min' is empty — setting to null.
DEBUG | id=9699 (Lapland Sedge): 'hardiness.max' is empty — setting to null.
DEBUG | id=9700 (Slender Sedge): 'hardiness.min' is empty — setting to null.
DEBUG | id=9700 (Slender Sedge): 'hardiness.max' is empty — setting to null.
DEBUG | id=9701 (American Woolly-Fruit Sedge): 'hardiness.min' is empty — setting to null.
DEBUG | id=9701 (American Woolly-Fruit Sedge): 'hardiness.max' is empty — setting to null.
DEBUG | id=9702 (Weak Sedge): 'hardiness.min' is empty — setting to null.
DEBUG | id=9702 (Weak Sedge): 'hardiness.max' is empty — setting to null.
DEBUG | id=9703 (Spreading Sedge): 'hardiness.min' is empty — setting to null.
DEBUG | id=9703 (Spreading Sedge): 'hardiness.max' is empty — setting to null.
DEBUG | id=9704 (Spreading Sedge): 'hardiness.min' is empty — setting to null.
DEBUG | id=9704 (Spreading Sedge): 'hardiness.max' is empty — setting to null.
DEBUG | id=9705 (Loose Flower Sedge): 'hardiness.min' is empty — setting to null.
DEBUG | id=9705 (Loose Flower Sedge): 'hardiness.max' is empty — setting to null.
DEBUG | id=9706 (Star Sedge): 'hardiness.min' is empty — setting to null.
DEBUG | id=9706 (Star Sedge): 'hardiness.max' is empty — setting to null.
DEBUG | id=9707 (Shore Sedge): 'hardiness.min' is empty — setting to null.
DEBUG | id=9707 (Shore Sedge): 'hardiness.max' is empty — setting to null.
DEBUG | id=9708 (Sedge): 'hardiness.min' is empty — setting to null.
DEBUG | id=9708 (Sedge): 'hardiness.max' is empty — setting to null.
DEBUG | id=9709 (Bristly Stalk Sedge): 'hardiness.min' is empty — setting to null.
DEBUG | id=9709 (Bristly Stalk Sedge): 'hardiness.max' is empty — setting to null.
DEBUG | id=9710 (Finely Nerved Sedge): 'hardiness.min' is empty — setting to null.
DEBUG | id=9710 (Finely Nerved Sedge): 'hardiness.max' is empty — setting to null.
DEBUG | id=9711 (Taperfruit Shortscale Sedge): 'hardiness.min' is empty — setting to null.
DEBUG | id=9711 (Taperfruit Shortscale Sedge): 'hardiness.max' is empty — setting to null.
DEBUG | id=9712 (Mud Sedge): 'hardiness.min' is empty — setting to null.
DEBUG | id=9712 (Mud Sedge): 'hardiness.max' is empty — setting to null.
DEBUG | id=9713 (Livid Sedge): 'hardiness.min' is empty — setting to null.
DEBUG | id=9713 (Livid Sedge): 'hardiness.max' is empty — setting to null.
DEBUG | id=9714 (Ryegrass Sedge): 'hardiness.min' is empty — setting to null.
DEBUG | id=9714 (Ryegrass Sedge): 'hardiness.max' is empty — setting to null.
DEBUG | id=9715 (Greenish White Sedge): 'hardiness.min' is empty — setting to null.
DEBUG | id=9715 (Greenish White Sedge): 'hardiness.max' is empty — setting to null.
DEBUG | id=9716 (Forest Sedge): 'hardiness.min' is empty — setting to null.
DEBUG | id=9716 (Forest Sedge): 'hardiness.max' is empty — setting to null.
DEBUG | id=9717 (False Hop Sedge): 'hardiness.min' is empty — setting to null.
DEBUG | id=9717 (False Hop Sedge): 'hardiness.max' is empty — setting to null.
DEBUG | id=9718 (Hop Sedge): 'hardiness.min' is empty — setting to null.
DEBUG | id=9718 (Hop Sedge): 'hardiness.max' is empty — setting to null.
DEBUG | id=9719 (Hybrid Sedge): 'hardiness.min' is empty — setting to null.
DEBUG | id=9719 (Hybrid Sedge): 'hardiness.max' is empty — setting to null.
DEBUG | id=9720 (Woodrush Sedge): 'hardiness.min' is empty — setting to null.
DEBUG | id=9720 (Woodrush Sedge): 'hardiness.max' is empty — setting to null.
DEBUG | id=9721 (Woodrush Sedge): 'hardiness.min' is empty — setting to null.
DEBUG | id=9721 (Woodrush Sedge): 'hardiness.max' is empty — setting to null.
DEBUG | id=9722 (Woodrush Sedge): 'hardiness.min' is empty — setting to null.
DEBUG | id=9722 (Woodrush Sedge): 'hardiness.max' is empty — setting to null.
DEBUG | id=9723 (Lyngbye's Sedge): 'hardiness.min' is empty — setting to null.
DEBUG | id=9723 (Lyngbye's Sedge): 'hardiness.max' is empty — setting to null.
DEBUG | id=9724 (Sedge): 'hardiness.min' is empty — setting to null.
DEBUG | id=9724 (Sedge): 'hardiness.max' is empty — setting to null.
DEBUG | id=9725 (Mackenzie's Sedge): 'hardiness.min' is empty — setting to null.
DEBUG | id=9725 (Mackenzie's Sedge): 'hardiness.max' is empty — setting to null.
DEBUG | id=9726 (Thick Head Sedge): 'hardiness.min' is empty — setting to null.
DEBUG | id=9726 (Thick Head Sedge): 'hardiness.max' is empty — setting to null.
DEBUG | id=9727 (Large Headed Sedge): 'hardiness.min' is empty — setting to null.
DEBUG | id=9727 (Large Headed Sedge): 'hardiness.max' is empty — setting to null.
DEBUG | id=9728 (Alaska Large Awn Sedge): 'hardiness.min' is empty — setting to null.
DEBUG | id=9728 (Alaska Large Awn Sedge): 'hardiness.max' is empty — setting to null.
DEBUG | id=9729 (Boreal Bog Sedge): 'hardiness.min' is empty — setting to null.
DEBUG | id=9729 (Boreal Bog Sedge): 'hardiness.max' is empty — setting to null.
DEBUG | id=9730 (Sea Sedge): 'hardiness.min' is empty — setting to null.
DEBUG | id=9730 (Sea Sedge): 'hardiness.max' is empty — setting to null.
DEBUG | id=9731 (Seaside Sedge): 'hardiness.min' is empty — setting to null.
DEBUG | id=9731 (Seaside Sedge): 'hardiness.max' is empty — setting to null.
DEBUG | id=9732 (Sedge): 'hardiness.min' is empty — setting to null.
DEBUG | id=9732 (Sedge): 'hardiness.max' is empty — setting to null.
DEBUG | id=9733 (Intermediate Sedge): 'hardiness.min' is empty — setting to null.
DEBUG | id=9733 (Intermediate Sedge): 'hardiness.max' is empty — setting to null.
DEBUG | id=9734 (Sedge): 'hardiness.min' is empty — setting to null.
DEBUG | id=9734 (Sedge): 'hardiness.max' is empty — setting to null.
DEBUG | id=9735 (Black-Spiked Sedge): 'hardiness.min' is empty — setting to null.
DEBUG | id=9735 (Black-Spiked Sedge): 'hardiness.max' is empty — setting to null.
DEBUG | id=9736 (Fragile Sedge): 'hardiness.min' is empty — setting to null.
DEBUG | id=9736 (Fragile Sedge): 'hardiness.max' is empty — setting to null.
DEBUG | id=9737 (Merritt Fernald's Sedge): 'hardiness.min' is empty — setting to null.
DEBUG | id=9737 (Merritt Fernald's Sedge): 'hardiness.max' is empty — setting to null.
DEBUG | id=9738 (Merten's Sedge): 'hardiness.min' is empty — setting to null.
DEBUG | id=9738 (Merten's Sedge): 'hardiness.max' is empty — setting to null.
DEBUG | id=9739 (Midland Sedge): 'hardiness.min' is empty — setting to null.
DEBUG | id=9739 (Midland Sedge): 'hardiness.max' is empty — setting to null.
DEBUG | id=9740 (Michaux's Sedge): 'hardiness.min' is empty — setting to null.
DEBUG | id=9740 (Michaux's Sedge): 'hardiness.max' is empty — setting to null.
DEBUG | id=9741 (Small-Awned Sedge): 'hardiness.min' is empty — setting to null.
DEBUG | id=9741 (Small-Awned Sedge): 'hardiness.max' is empty — setting to null.
DEBUG | id=9742 (Small Awned Sedge): 'hardiness.min' is empty — setting to null.
DEBUG | id=9742 (Small Awned Sedge): 'hardiness.max' is empty — setting to null.
DEBUG | id=9743 (Sedge): 'hardiness.min' is empty — setting to null.
DEBUG | id=9743 (Sedge): 'hardiness.max' is empty — setting to null.
DEBUG | id=9744 (Fewseeded Bog Sedge): 'hardiness.min' is empty — setting to null.
DEBUG | id=9744 (Fewseeded Bog Sedge): 'hardiness.max' is empty — setting to null.
DEBUG | id=9745 (Pyrenean Sedge): 'hardiness.min' is empty — setting to null.
DEBUG | id=9745 (Pyrenean Sedge): 'hardiness.max' is empty — setting to null.
DEBUG | id=9746 (Troublesome Sedge): 'hardiness.min' is empty — setting to null.
DEBUG | id=9746 (Troublesome Sedge): 'hardiness.max' is empty — setting to null.
DEBUG | id=9747 (Muhlenberg's Sedge): 'hardiness.min' is empty — setting to null.
DEBUG | id=9747 (Muhlenberg's Sedge): 'hardiness.max' is empty — setting to null.
DEBUG | id=9748 (Muhlenberg's Sedge): 'hardiness.min' is empty — setting to null.
DEBUG | id=9748 (Muhlenberg's Sedge): 'hardiness.max' is empty — setting to null.
DEBUG | id=9749 (Muhlenberg's Sedge): 'hardiness.min' is empty — setting to null.
DEBUG | id=9749 (Muhlenberg's Sedge): 'hardiness.max' is empty — setting to null.
DEBUG | id=9750 (Lesser Prickly Sedge): 'hardiness.min' is empty — setting to null.
DEBUG | id=9750 (Lesser Prickly Sedge): 'hardiness.max' is empty — setting to null.
DEBUG | id=9751 (Bellard's Kobresia): 'hardiness.min' is empty — setting to null.
DEBUG | id=9751 (Bellard's Kobresia): 'hardiness.max' is empty — setting to null.
DEBUG | id=9752 (Spikenard Sedge): 'hardiness.min' is empty — setting to null.
DEBUG | id=9752 (Spikenard Sedge): 'hardiness.max' is empty — setting to null.
DEBUG | id=9753 (Nebraska Sedge): 'hardiness.min' is empty — setting to null.
DEBUG | id=9753 (Nebraska Sedge): 'hardiness.max' is empty — setting to null.
DEBUG | id=9754 (Sedge): 'hardiness.min' is empty — setting to null.
DEBUG | id=9754 (Sedge): 'hardiness.max' is empty — setting to null.
DEBUG | id=9755 (Black Alpine Sedge): 'hardiness.min' is empty — setting to null.
DEBUG | id=9755 (Black Alpine Sedge): 'hardiness.max' is empty — setting to null.
DEBUG | id=9756 (Scandinavian Sedge): 'hardiness.min' is empty — setting to null.
DEBUG | id=9756 (Scandinavian Sedge): 'hardiness.max' is empty — setting to null.
DEBUG | id=9757 (Slough Sedge): 'hardiness.min' is empty — setting to null.
DEBUG | id=9757 (Slough Sedge): 'hardiness.max' is empty — setting to null.
DEBUG | id=9758 (Blunt Sedge): 'hardiness.min' is empty — setting to null.
DEBUG | id=9758 (Blunt Sedge): 'hardiness.max' is empty — setting to null.
DEBUG | id=9759 (Eastern Few Fruited Sedge): 'hardiness.min' is empty — setting to null.
DEBUG | id=9759 (Eastern Few Fruited Sedge): 'hardiness.max' is empty — setting to null.
DEBUG | id=9760 (Few Seed Sedge): 'hardiness.min' is empty — setting to null.
DEBUG | id=9760 (Few Seed Sedge): 'hardiness.max' is empty — setting to null.
DEBUG | id=9761 (Necklace Spike Sedge): 'hardiness.min' is empty — setting to null.
DEBUG | id=9761 (Necklace Spike Sedge): 'hardiness.max' is empty — setting to null.
DEBUG | id=9762 (Oval Sedge): 'hardiness.min' is empty — setting to null.
DEBUG | id=9762 (Oval Sedge): 'hardiness.max' is empty — setting to null.
DEBUG | id=9763 (Thick Head Sedge): 'hardiness.min' is empty — setting to null.
DEBUG | id=9763 (Thick Head Sedge): 'hardiness.max' is empty — setting to null.
DEBUG | id=9764 (Chaffy Sedge): 'hardiness.min' is empty — setting to null.
DEBUG | id=9764 (Chaffy Sedge): 'hardiness.max' is empty — setting to null.
DEBUG | id=9765 (Sedge): 'hardiness.min' is empty — setting to null.
DEBUG | id=9765 (Sedge): 'hardiness.max' is empty — setting to null.
DEBUG | id=9766 (Pale Sedge): 'hardiness.min' is empty — setting to null.
DEBUG | id=9766 (Pale Sedge): 'hardiness.max' is empty — setting to null.
DEBUG | id=9767 (Grasslike Sedge): 'hardiness.min' is empty — setting to null.
DEBUG | id=9767 (Grasslike Sedge): 'hardiness.max' is empty — setting to null.
DEBUG | id=9768 (Sand Dune Sedge): 'hardiness.min' is empty — setting to null.
DEBUG | id=9768 (Sand Dune Sedge): 'hardiness.max' is empty — setting to null.
DEBUG | id=9769 (Parallel Sedge): 'hardiness.min' is empty — setting to null.
DEBUG | id=9769 (Parallel Sedge): 'hardiness.max' is empty — setting to null.
DEBUG | id=9770 (Parallel Sedge): 'hardiness.min' is empty — setting to null.
DEBUG | id=9770 (Parallel Sedge): 'hardiness.max' is empty — setting to null.
DEBUG | id=9771 (Parry's Sedge): 'hardiness.min' is empty — setting to null.
DEBUG | id=9771 (Parry's Sedge): 'hardiness.max' is empty — setting to null.
DEBUG | id=9772 (Few Flowered Sedge): 'hardiness.min' is empty — setting to null.
DEBUG | id=9772 (Few Flowered Sedge): 'hardiness.max' is empty — setting to null.
DEBUG | id=9773 (Payson's Sedge): 'hardiness.min' is empty — setting to null.
DEBUG | id=9773 (Payson's Sedge): 'hardiness.max' is empty — setting to null.
DEBUG | id=9774 (White Tinged Sedge): 'hardiness.min' is empty — setting to null.
DEBUG | id=9774 (White Tinged Sedge): 'hardiness.max' is empty — setting to null.
DEBUG | id=9775 (Longstalk Sedge): 'hardiness.min' is empty — setting to null.
DEBUG | id=9775 (Longstalk Sedge): 'hardiness.max' is empty — setting to null.
DEBUG | id=9776 (Woolly Sedge): 'hardiness.min' is empty — setting to null.
DEBUG | id=9776 (Woolly Sedge): 'hardiness.max' is empty — setting to null.
DEBUG | id=9777 (Weeping Sedge): 'hardiness.min' is empty — setting to null.
DEBUG | id=9777 (Weeping Sedge): 'hardiness.max' is empty — setting to null.
DEBUG | id=9778 (Liddon Sedge): 'hardiness.min' is empty — setting to null.
DEBUG | id=9778 (Liddon Sedge): 'hardiness.max' is empty — setting to null.
DEBUG | id=9779 (Rock-Dwelling Sedge): 'hardiness.min' is empty — setting to null.
DEBUG | id=9779 (Rock-Dwelling Sedge): 'hardiness.max' is empty — setting to null.
DEBUG | id=9780 (Rockdwelling Sedge): 'hardiness.min' is empty — setting to null.
DEBUG | id=9780 (Rockdwelling Sedge): 'hardiness.max' is empty — setting to null.
DEBUG | id=9781 (Rockdwelling Sedge): 'hardiness.min' is empty — setting to null.
DEBUG | id=9781 (Rockdwelling Sedge): 'hardiness.max' is empty — setting to null.
DEBUG | id=9782 (Dunhead Sedge): 'hardiness.min' is empty — setting to null.
DEBUG | id=9782 (Dunhead Sedge): 'hardiness.max' is empty — setting to null.
DEBUG | id=9783 (Plantainleaf Sedge): 'hardiness.min' is empty — setting to null.
DEBUG | id=9783 (Plantainleaf Sedge): 'hardiness.max' is empty — setting to null.
DEBUG | id=9784 (Broad Leaved Sedge): 'hardiness.min' is empty — setting to null.
DEBUG | id=9784 (Broad Leaved Sedge): 'hardiness.max' is empty — setting to null.
DEBUG | id=9785 (Many Flowered Sedge): 'hardiness.min' is empty — setting to null.
DEBUG | id=9785 (Many Flowered Sedge): 'hardiness.max' is empty — setting to null.
DEBUG | id=9786 (Graceful Mountain Sedge): 'hardiness.min' is empty — setting to null.
DEBUG | id=9786 (Graceful Mountain Sedge): 'hardiness.max' is empty — setting to null.
DEBUG | id=9787 (Prairie Sedge): 'hardiness.min' is empty — setting to null.
DEBUG | id=9787 (Prairie Sedge): 'hardiness.max' is empty — setting to null.
DEBUG | id=9788 (Drooping Sedge): 'hardiness.min' is empty — setting to null.
DEBUG | id=9788 (Drooping Sedge): 'hardiness.max' is empty — setting to null.
DEBUG | id=9789 (Northern Meadow Sedge): 'hardiness.min' is empty — setting to null.
DEBUG | id=9789 (Northern Meadow Sedge): 'hardiness.max' is empty — setting to null.
DEBUG | id=9790 (Presl's Sedge): 'hardiness.min' is empty — setting to null.
DEBUG | id=9790 (Presl's Sedge): 'hardiness.max' is empty — setting to null.
DEBUG | id=9791 (Great Smoky Mountain Sedge): 'hardiness.min' is empty — setting to null.
DEBUG | id=9791 (Great Smoky Mountain Sedge): 'hardiness.max' is empty — setting to null.
DEBUG | id=9792 (Cyperus Like Sedge): 'hardiness.min' is empty — setting to null.
DEBUG | id=9792 (Cyperus Like Sedge): 'hardiness.max' is empty — setting to null.
DEBUG | id=9793 (Ramensk's Sedge): 'hardiness.min' is empty — setting to null.
DEBUG | id=9793 (Ramensk's Sedge): 'hardiness.max' is empty — setting to null.
DEBUG | id=9794 (Loose Flowered Sedge): 'hardiness.min' is empty — setting to null.
DEBUG | id=9794 (Loose Flowered Sedge): 'hardiness.max' is empty — setting to null.
DEBUG | id=9795 (Raynold's Sedge): 'hardiness.min' is empty — setting to null.
DEBUG | id=9795 (Raynold's Sedge): 'hardiness.max' is empty — setting to null.
DEBUG | id=9796 (Salt Marsh Sedge): 'hardiness.min' is empty — setting to null.
DEBUG | id=9796 (Salt Marsh Sedge): 'hardiness.max' is empty — setting to null.
DEBUG | id=9797 (Sedge): 'hardiness.min' is empty — setting to null.
DEBUG | id=9797 (Sedge): 'hardiness.max' is empty — setting to null.
DEBUG | id=9798 (Rosy Sedge): 'hardiness.min' is empty — setting to null.
DEBUG | id=9798 (Rosy Sedge): 'hardiness.max' is empty — setting to null.
DEBUG | id=9799 (Beaked Sedge): 'hardiness.min' is empty — setting to null.
DEBUG | id=9799 (Beaked Sedge): 'hardiness.max' is empty — setting to null.
DEBUG | id=9800 (Round Sedge): 'hardiness.min' is empty — setting to null.
DEBUG | id=9800 (Round Sedge): 'hardiness.max' is empty — setting to null.
DEBUG | id=9801 (Snowbed Sedge): 'hardiness.min' is empty — setting to null.
DEBUG | id=9801 (Snowbed Sedge): 'hardiness.max' is empty — setting to null.
DEBUG | id=9802 (Rock Sedge): 'hardiness.min' is empty — setting to null.
DEBUG | id=9802 (Rock Sedge): 'hardiness.max' is empty — setting to null.
DEBUG | id=9803 (Baikal Sedge): 'hardiness.min' is empty — setting to null.
DEBUG | id=9803 (Baikal Sedge): 'hardiness.max' is empty — setting to null.
DEBUG | id=9804 (Sartwell's Sedge): 'hardiness.min' is empty — setting to null.
DEBUG | id=9804 (Sartwell's Sedge): 'hardiness.max' is empty — setting to null.
DEBUG | id=9805 (Russet Sedge): 'hardiness.min' is empty — setting to null.
DEBUG | id=9805 (Russet Sedge): 'hardiness.max' is empty — setting to null.
DEBUG | id=9806 (Sedge): 'hardiness.min' is empty — setting to null.
DEBUG | id=9806 (Sedge): 'hardiness.max' is empty — setting to null.
DEBUG | id=9807 (Rocky Mountain Sedge): 'hardiness.min' is empty — setting to null.
DEBUG | id=9807 (Rocky Mountain Sedge): 'hardiness.max' is empty — setting to null.
DEBUG | id=9808 (Rough Sedge): 'hardiness.min' is empty — setting to null.
DEBUG | id=9808 (Rough Sedge): 'hardiness.max' is empty — setting to null.
DEBUG | id=9809 (Northern Singlespike Sedge): 'hardiness.min' is empty — setting to null.
DEBUG | id=9809 (Northern Singlespike Sedge): 'hardiness.max' is empty — setting to null.
DEBUG | id=9810 (Western Single-Spike Sedge): 'hardiness.min' is empty — setting to null.
DEBUG | id=9810 (Western Single-Spike Sedge): 'hardiness.max' is empty — setting to null.
DEBUG | id=9811 (Lance-Fruited Single-Spike Sedge): 'hardiness.min' is empty — setting to null.
DEBUG | id=9811 (Lance-Fruited Single-Spike Sedge): 'hardiness.max' is empty — setting to null.
DEBUG | id=9812 (Broom Sedge): 'hardiness.min' is empty — setting to null.
DEBUG | id=9812 (Broom Sedge): 'hardiness.max' is empty — setting to null.
DEBUG | id=9813 (Sedge): 'hardiness.min' is empty — setting to null.
DEBUG | id=9813 (Sedge): 'hardiness.max' is empty — setting to null.
DEBUG | id=9814 (Holm's Rocky Mountain Sedge): 'hardiness.min' is empty — setting to null.
DEBUG | id=9814 (Holm's Rocky Mountain Sedge): 'hardiness.max' is empty — setting to null.
DEBUG | id=9815 (Holm's Rocky Mountain Sedge): 'hardiness.min' is empty — setting to null.
DEBUG | id=9815 (Holm's Rocky Mountain Sedge): 'hardiness.max' is empty — setting to null.
DEBUG | id=9816 (Saw-Leaved Sedge): 'hardiness.min' is empty — setting to null.
DEBUG | id=9816 (Saw-Leaved Sedge): 'hardiness.max' is empty — setting to null.
DEBUG | id=9817 (Weak Stellate Sedge): 'hardiness.min' is empty — setting to null.
DEBUG | id=9817 (Weak Stellate Sedge): 'hardiness.max' is empty — setting to null.
DEBUG | id=9818 (Short's Sedge): 'hardiness.min' is empty — setting to null.
DEBUG | id=9818 (Short's Sedge): 'hardiness.max' is empty — setting to null.
DEBUG | id=9819 (Dry Spike Sedge): 'hardiness.min' is empty — setting to null.
DEBUG | id=9819 (Dry Spike Sedge): 'hardiness.max' is empty — setting to null.
DEBUG | id=9820 (Sea Beach Sedge): 'hardiness.min' is empty — setting to null.
DEBUG | id=9820 (Sea Beach Sedge): 'hardiness.max' is empty — setting to null.
DEBUG | id=9821 (Simple Bog Sedge): 'hardiness.min' is empty — setting to null.
DEBUG | id=9821 (Simple Bog Sedge): 'hardiness.max' is empty — setting to null.
DEBUG | id=9822 (Copycat Sedge): 'hardiness.min' is empty — setting to null.
DEBUG | id=9822 (Copycat Sedge): 'hardiness.max' is empty — setting to null.
DEBUG | id=9823 (Burr Reed Sedge): 'hardiness.min' is empty — setting to null.
DEBUG | id=9823 (Burr Reed Sedge): 'hardiness.max' is empty — setting to null.
DEBUG | id=9824 (Showy Sedge): 'hardiness.min' is empty — setting to null.
DEBUG | id=9824 (Showy Sedge): 'hardiness.max' is empty — setting to null.
DEBUG | id=9825 (Prickly Sedge): 'hardiness.min' is empty — setting to null.
DEBUG | id=9825 (Prickly Sedge): 'hardiness.max' is empty — setting to null.
DEBUG | id=9826 (Longbeak Sedge): 'hardiness.min' is empty — setting to null.
DEBUG | id=9826 (Longbeak Sedge): 'hardiness.max' is empty — setting to null.
DEBUG | id=9827 (Dioecious Sedge): 'hardiness.min' is empty — setting to null.
DEBUG | id=9827 (Dioecious Sedge): 'hardiness.max' is empty — setting to null.
DEBUG | id=9828 (Awl-Fruited Sedge): 'hardiness.min' is empty — setting to null.
DEBUG | id=9828 (Awl-Fruited Sedge): 'hardiness.max' is empty — setting to null.
DEBUG | id=9829 (Stalk Grain Sedge): 'hardiness.min' is empty — setting to null.
DEBUG | id=9829 (Stalk Grain Sedge): 'hardiness.max' is empty — setting to null.
DEBUG | id=9830 (Eastern Straw Sedge): 'hardiness.min' is empty — setting to null.
DEBUG | id=9830 (Eastern Straw Sedge): 'hardiness.max' is empty — setting to null.
DEBUG | id=9831 (Lined Sedge): 'hardiness.min' is empty — setting to null.
DEBUG | id=9831 (Lined Sedge): 'hardiness.max' is empty — setting to null.
DEBUG | id=9832 (Prairie Straw Sedge): 'hardiness.min' is empty — setting to null.
DEBUG | id=9832 (Prairie Straw Sedge): 'hardiness.max' is empty — setting to null.
DEBUG | id=9833 (Weak Arctic Sedge): 'hardiness.min' is empty — setting to null.
DEBUG | id=9833 (Weak Arctic Sedge): 'hardiness.max' is empty — setting to null.
DEBUG | id=9834 (Many Headed Sedge): 'hardiness.min' is empty — setting to null.
DEBUG | id=9834 (Many Headed Sedge): 'hardiness.max' is empty — setting to null.
DEBUG | id=9835 (European Woodland Sedge): 'hardiness.min' is empty — setting to null.
DEBUG | id=9835 (European Woodland Sedge): 'hardiness.max' is empty — setting to null.
DEBUG | id=9836 (Tahoe Sedge): 'hardiness.min' is empty — setting to null.
DEBUG | id=9836 (Tahoe Sedge): 'hardiness.max' is empty — setting to null.
DEBUG | id=9837 (Slender Sedge): 'hardiness.min' is empty — setting to null.
DEBUG | id=9837 (Slender Sedge): 'hardiness.max' is empty — setting to null.
DEBUG | id=9838 (Sparse Flowered Sedge): 'hardiness.min' is empty — setting to null.
DEBUG | id=9838 (Sparse Flowered Sedge): 'hardiness.max' is empty — setting to null.
DEBUG | id=9839 (Rigid Sedge): 'hardiness.min' is empty — setting to null.
DEBUG | id=9839 (Rigid Sedge): 'hardiness.max' is empty — setting to null.
DEBUG | id=9840 (Tinged Sedge): 'hardiness.min' is empty — setting to null.
DEBUG | id=9840 (Tinged Sedge): 'hardiness.max' is empty — setting to null.
DEBUG | id=9841 (Shaved Sedge): 'hardiness.min' is empty — setting to null.
DEBUG | id=9841 (Shaved Sedge): 'hardiness.max' is empty — setting to null.
DEBUG | id=9842 (Shaved Sedge): 'hardiness.min' is empty — setting to null.
DEBUG | id=9842 (Shaved Sedge): 'hardiness.max' is empty — setting to null.
DEBUG | id=9843 (Umbel Like Sedge): 'hardiness.min' is empty — setting to null.
DEBUG | id=9843 (Umbel Like Sedge): 'hardiness.max' is empty — setting to null.
DEBUG | id=9844 (Torrey's Sedge): 'hardiness.min' is empty — setting to null.
DEBUG | id=9844 (Torrey's Sedge): 'hardiness.max' is empty — setting to null.
DEBUG | id=9845 (Twisted Sedge): 'hardiness.min' is empty — setting to null.
DEBUG | id=9845 (Twisted Sedge): 'hardiness.max' is empty — setting to null.
DEBUG | id=9846 (Blunt Broom Sedge): 'hardiness.min' is empty — setting to null.
DEBUG | id=9846 (Blunt Broom Sedge): 'hardiness.max' is empty — setting to null.
DEBUG | id=9847 (Blunt Broom Sedge): 'hardiness.min' is empty — setting to null.
DEBUG | id=9847 (Blunt Broom Sedge): 'hardiness.max' is empty — setting to null.
DEBUG | id=9848 (Hairy Fruited Sedge): 'hardiness.min' is empty — setting to null.
DEBUG | id=9848 (Hairy Fruited Sedge): 'hardiness.max' is empty — setting to null.
DEBUG | id=9849 (Three Seed Sedge): 'hardiness.min' is empty — setting to null.
DEBUG | id=9849 (Three Seed Sedge): 'hardiness.max' is empty — setting to null.
DEBUG | id=9850 (Cattail Sedge): 'hardiness.min' is empty — setting to null.
DEBUG | id=9850 (Cattail Sedge): 'hardiness.max' is empty — setting to null.
DEBUG | id=9851 (Hidden Sedge): 'hardiness.min' is empty — setting to null.
DEBUG | id=9851 (Hidden Sedge): 'hardiness.max' is empty — setting to null.
DEBUG | id=9852 (One Sided Sedge): 'hardiness.min' is empty — setting to null.
DEBUG | id=9852 (One Sided Sedge): 'hardiness.max' is empty — setting to null.
DEBUG | id=9853 (Bear Sedge): 'hardiness.min' is empty — setting to null.
DEBUG | id=9853 (Bear Sedge): 'hardiness.max' is empty — setting to null.
DEBUG | id=9854 (Beaked Sedge): 'hardiness.min' is empty — setting to null.
DEBUG | id=9854 (Beaked Sedge): 'hardiness.max' is empty — setting to null.
DEBUG | id=9855 (Estuarine Sedge): 'hardiness.min' is empty — setting to null.
DEBUG | id=9855 (Estuarine Sedge): 'hardiness.max' is empty — setting to null.
DEBUG | id=9856 (Sheathed Sedge): 'hardiness.min' is empty — setting to null.
DEBUG | id=9856 (Sheathed Sedge): 'hardiness.max' is empty — setting to null.
DEBUG | id=9857 (Valley Sedge): 'hardiness.min' is empty — setting to null.
DEBUG | id=9857 (Valley Sedge): 'hardiness.max' is empty — setting to null.
DEBUG | id=9858 (Inflated Sedge): 'hardiness.min' is empty — setting to null.
DEBUG | id=9858 (Inflated Sedge): 'hardiness.max' is empty — setting to null.
DEBUG | id=9859 (Ribbed Sedge): 'hardiness.min' is empty — setting to null.
DEBUG | id=9859 (Ribbed Sedge): 'hardiness.max' is empty — setting to null.
DEBUG | id=9860 (Little Green Sedge): 'hardiness.min' is empty — setting to null.
DEBUG | id=9860 (Little Green Sedge): 'hardiness.max' is empty — setting to null.
DEBUG | id=9861 (Little Green Sedge): 'hardiness.min' is empty — setting to null.
DEBUG | id=9861 (Little Green Sedge): 'hardiness.max' is empty — setting to null.
DEBUG | id=9862 (Greenish Sedge): 'hardiness.min' is empty — setting to null.
DEBUG | id=9862 (Greenish Sedge): 'hardiness.max' is empty — setting to null.
DEBUG | id=9863 (Little Green Sedge): 'hardiness.min' is empty — setting to null.
DEBUG | id=9863 (Little Green Sedge): 'hardiness.max' is empty — setting to null.
DEBUG | id=9864 (Little Green Sedge): 'hardiness.min' is empty — setting to null.
DEBUG | id=9864 (Little Green Sedge): 'hardiness.max' is empty — setting to null.
DEBUG | id=9865 (Checkered Broom Sedge): 'hardiness.min' is empty — setting to null.
DEBUG | id=9865 (Checkered Broom Sedge): 'hardiness.max' is empty — setting to null.
DEBUG | id=9866 (Wiegand's Sedge): 'hardiness.min' is empty — setting to null.
DEBUG | id=9866 (Wiegand's Sedge): 'hardiness.max' is empty — setting to null.
DEBUG | id=9867 (Willdenow's Sedge): 'hardiness.min' is empty — setting to null.
DEBUG | id=9867 (Willdenow's Sedge): 'hardiness.max' is empty — setting to null.
DEBUG | id=9868 (Williams' Sedge): 'hardiness.min' is empty — setting to null.
DEBUG | id=9868 (Williams' Sedge): 'hardiness.max' is empty — setting to null.
DEBUG | id=9869 (Pretty Sedge): 'hardiness.min' is empty — setting to null.
DEBUG | id=9869 (Pretty Sedge): 'hardiness.max' is empty — setting to null.
DEBUG | id=9870 (Carex Arctophile): 'hardiness.min' is empty — setting to null.
DEBUG | id=9870 (Carex Arctophile): 'hardiness.max' is empty — setting to null.
DEBUG | id=9871 (Cayouette's Sedge): 'hardiness.min' is empty — setting to null.
DEBUG | id=9871 (Cayouette's Sedge): 'hardiness.max' is empty — setting to null.
DEBUG | id=9872 (Sedge): 'hardiness.min' is empty — setting to null.
DEBUG | id=9872 (Sedge): 'hardiness.max' is empty — setting to null.
DEBUG | id=9873 (Connect Sedge): 'hardiness.min' is empty — setting to null.
DEBUG | id=9873 (Connect Sedge): 'hardiness.max' is empty — setting to null.
DEBUG | id=9874 (Sedge): 'hardiness.min' is empty — setting to null.
DEBUG | id=9874 (Sedge): 'hardiness.max' is empty — setting to null.
DEBUG | id=9875 (Duman's Sedge): 'hardiness.min' is empty — setting to null.
DEBUG | id=9875 (Duman's Sedge): 'hardiness.max' is empty — setting to null.
DEBUG | id=9876 (White Scaled Sedge): 'hardiness.min' is empty — setting to null.
DEBUG | id=9876 (White Scaled Sedge): 'hardiness.max' is empty — setting to null.
DEBUG | id=9877 (Sedge): 'hardiness.min' is empty — setting to null.
DEBUG | id=9877 (Sedge): 'hardiness.max' is empty — setting to null.
DEBUG | id=9878 (Yellowish Sedge): 'hardiness.min' is empty — setting to null.
DEBUG | id=9878 (Yellowish Sedge): 'hardiness.max' is empty — setting to null.
DEBUG | id=9879 (Leutz's Sedge): 'hardiness.min' is empty — setting to null.
DEBUG | id=9879 (Leutz's Sedge): 'hardiness.max' is empty — setting to null.
DEBUG | id=9880 (Grant's Sedge): 'hardiness.min' is empty — setting to null.
DEBUG | id=9880 (Grant's Sedge): 'hardiness.max' is empty — setting to null.
DEBUG | id=9881 (Sedge): 'hardiness.min' is empty — setting to null.
DEBUG | id=9881 (Sedge): 'hardiness.max' is empty — setting to null.
DEBUG | id=9882 (Pannewitz's Sedge): 'hardiness.min' is empty — setting to null.
DEBUG | id=9882 (Pannewitz's Sedge): 'hardiness.max' is empty — setting to null.
DEBUG | id=9883 (Knieskern's Sedge): 'hardiness.min' is empty — setting to null.
DEBUG | id=9883 (Knieskern's Sedge): 'hardiness.max' is empty — setting to null.
DEBUG | id=9884 (Kyyhkynen's Sedge): 'hardiness.min' is empty — setting to null.
DEBUG | id=9884 (Kyyhkynen's Sedge): 'hardiness.max' is empty — setting to null.
DEBUG | id=9885 (Lange's Sedge): 'hardiness.min' is empty — setting to null.
DEBUG | id=9885 (Lange's Sedge): 'hardiness.max' is empty — setting to null.
DEBUG | id=9886 (Sedge): 'hardiness.min' is empty — setting to null.
DEBUG | id=9886 (Sedge): 'hardiness.max' is empty — setting to null.
DEBUG | id=9887 (Sedge): 'hardiness.min' is empty — setting to null.
DEBUG | id=9887 (Sedge): 'hardiness.max' is empty — setting to null.
DEBUG | id=9888 (Sedge): 'hardiness.min' is empty — setting to null.
DEBUG | id=9888 (Sedge): 'hardiness.max' is empty — setting to null.
DEBUG | id=9889 (Mingan Islands Sedge): 'hardiness.min' is empty — setting to null.
DEBUG | id=9889 (Mingan Islands Sedge): 'hardiness.max' is empty — setting to null.
DEBUG | id=9890 (Sedge): 'hardiness.min' is empty — setting to null.
DEBUG | id=9890 (Sedge): 'hardiness.max' is empty — setting to null.
DEBUG | id=9891 (Sedge): 'hardiness.min' is empty — setting to null.
DEBUG | id=9891 (Sedge): 'hardiness.max' is empty — setting to null.
DEBUG | id=9892 (Sedge): 'hardiness.min' is empty — setting to null.
DEBUG | id=9892 (Sedge): 'hardiness.max' is empty — setting to null.
DEBUG | id=9893 (Sedge): 'hardiness.min' is empty — setting to null.
DEBUG | id=9893 (Sedge): 'hardiness.max' is empty — setting to null.
DEBUG | id=9894 (Sedge): 'hardiness.min' is empty — setting to null.
DEBUG | id=9894 (Sedge): 'hardiness.max' is empty — setting to null.
DEBUG | id=9895 (Sedge): 'hardiness.min' is empty — setting to null.
DEBUG | id=9895 (Sedge): 'hardiness.max' is empty — setting to null.
DEBUG | id=9896 (Sedge): 'hardiness.min' is empty — setting to null.
DEBUG | id=9896 (Sedge): 'hardiness.max' is empty — setting to null.
DEBUG | id=9897 (Sedge): 'hardiness.min' is empty — setting to null.
DEBUG | id=9897 (Sedge): 'hardiness.max' is empty — setting to null.
DEBUG | id=9898 (Hybrid Russet Sedge): 'hardiness.min' is empty — setting to null.
DEBUG | id=9898 (Hybrid Russet Sedge): 'hardiness.max' is empty — setting to null.
DEBUG | id=9899 (Pieper's Sedge): 'hardiness.min' is empty — setting to null.
DEBUG | id=9899 (Pieper's Sedge): 'hardiness.max' is empty — setting to null.
DEBUG | id=9900 (Sedge): 'hardiness.min' is empty — setting to null.
DEBUG | id=9900 (Sedge): 'hardiness.max' is empty — setting to null.
DEBUG | id=9901 (Quebec Sedge): 'hardiness.min' is empty — setting to null.
DEBUG | id=9901 (Quebec Sedge): 'hardiness.max' is empty — setting to null.
DEBUG | id=9902 (Quirpon Sedge): 'hardiness.min' is empty — setting to null.
DEBUG | id=9902 (Quirpon Sedge): 'hardiness.max' is empty — setting to null.
DEBUG | id=9903 (Rolland's Sedge): 'hardiness.min' is empty — setting to null.
DEBUG | id=9903 (Rolland's Sedge): 'hardiness.max' is empty — setting to null.
DEBUG | id=9904 (Sedge): 'hardiness.min' is empty — setting to null.
DEBUG | id=9904 (Sedge): 'hardiness.max' is empty — setting to null.
DEBUG | id=9905 (Saxen's Sedge): 'hardiness.min' is empty — setting to null.
DEBUG | id=9905 (Saxen's Sedge): 'hardiness.max' is empty — setting to null.
DEBUG | id=9906 (Soerensen's Sedge): 'hardiness.min' is empty — setting to null.
DEBUG | id=9906 (Soerensen's Sedge): 'hardiness.max' is empty — setting to null.
DEBUG | id=9907 (Sedge): 'hardiness.min' is empty — setting to null.
DEBUG | id=9907 (Sedge): 'hardiness.max' is empty — setting to null.
DEBUG | id=9908 (Anticosti Sedge): 'hardiness.min' is empty — setting to null.
DEBUG | id=9908 (Anticosti Sedge): 'hardiness.max' is empty — setting to null.
DEBUG | id=9909 (Sedge): 'hardiness.min' is empty — setting to null.
DEBUG | id=9909 (Sedge): 'hardiness.max' is empty — setting to null.
DEBUG | id=9910 (Gardner's Sedge): 'hardiness.min' is empty — setting to null.
DEBUG | id=9910 (Gardner's Sedge): 'hardiness.max' is empty — setting to null.
DEBUG | id=9911 (Sedge): 'hardiness.min' is empty — setting to null.
DEBUG | id=9911 (Sedge): 'hardiness.max' is empty — setting to null.
DEBUG | id=9912 (Sullivant's Sedge): 'hardiness.min' is empty — setting to null.
DEBUG | id=9912 (Sullivant's Sedge): 'hardiness.max' is empty — setting to null.
DEBUG | id=9913 (Sedge): 'hardiness.min' is empty — setting to null.
DEBUG | id=9913 (Sedge): 'hardiness.max' is empty — setting to null.
DEBUG | id=9914 (Ungava Sedge): 'hardiness.min' is empty — setting to null.
DEBUG | id=9914 (Ungava Sedge): 'hardiness.max' is empty — setting to null.
DEBUG | id=9915 (Sedge): 'hardiness.min' is empty — setting to null.
DEBUG | id=9915 (Sedge): 'hardiness.max' is empty — setting to null.
DEBUG | id=9916 (Short-Stemmed Sedge): 'hardiness.min' is empty — setting to null.
DEBUG | id=9916 (Short-Stemmed Sedge): 'hardiness.max' is empty — setting to null.
DEBUG | id=9918 (Safflower): 'hardiness.min' is empty — setting to null.
DEBUG | id=9918 (Safflower): 'hardiness.max' is empty — setting to null.
DEBUG | id=9919 (Wild Caraway): 'hardiness.min' is empty — setting to null.
DEBUG | id=9919 (Wild Caraway): 'hardiness.max' is empty — setting to null.
DEBUG | id=9920 (Shagbark Hickory): 'hardiness.min' is empty — setting to null.
DEBUG | id=9920 (Shagbark Hickory): 'hardiness.max' is empty — setting to null.
DEBUG | id=9921 (Laney's Hickory): 'hardiness.min' is empty — setting to null.
DEBUG | id=9921 (Laney's Hickory): 'hardiness.max' is empty — setting to null.
DEBUG | id=9922 (Clubmoss Mountain Heather): 'hardiness.min' is empty — setting to null.
DEBUG | id=9922 (Clubmoss Mountain Heather): 'hardiness.max' is empty — setting to null.
DEBUG | id=9923 (Western Mountain Heather): 'hardiness.min' is empty — setting to null.
DEBUG | id=9923 (Western Mountain Heather): 'hardiness.max' is empty — setting to null.
DEBUG | id=9924 (Rocky Mountain White Heather): 'hardiness.min' is empty — setting to null.
DEBUG | id=9924 (Rocky Mountain White Heather): 'hardiness.max' is empty — setting to null.
DEBUG | id=9925 (Paintbrush Owlclover): 'hardiness.min' is empty — setting to null.
DEBUG | id=9925 (Paintbrush Owlclover): 'hardiness.max' is empty — setting to null.
DEBUG | id=9926 (Saltmarsh Paintbrush): 'hardiness.min' is empty — setting to null.
DEBUG | id=9926 (Saltmarsh Paintbrush): 'hardiness.max' is empty — setting to null.
DEBUG | id=9927 (Narrow Leaved Owl Clover): 'hardiness.min' is empty — setting to null.
DEBUG | id=9927 (Narrow Leaved Owl Clover): 'hardiness.max' is empty — setting to null.
DEBUG | id=9928 (Cusick's Indian Paintbrush): 'hardiness.min' is empty — setting to null.
DEBUG | id=9928 (Cusick's Indian Paintbrush): 'hardiness.max' is empty — setting to null.
DEBUG | id=9929 (Elmer's Indian Paintbrush): 'hardiness.min' is empty — setting to null.
DEBUG | id=9929 (Elmer's Indian Paintbrush): 'hardiness.max' is empty — setting to null.
DEBUG | id=9930 (Slender Paintbrush): 'hardiness.min' is empty — setting to null.
DEBUG | id=9930 (Slender Paintbrush): 'hardiness.max' is empty — setting to null.
DEBUG | id=9931 (Harsh Paintbrush): 'hardiness.min' is empty — setting to null.
DEBUG | id=9931 (Harsh Paintbrush): 'hardiness.max' is empty — setting to null.
DEBUG | id=9932 (Golden Paintbrush): 'hardiness.min' is empty — setting to null.
DEBUG | id=9932 (Golden Paintbrush): 'hardiness.max' is empty — setting to null.
DEBUG | id=9933 (Scarlet Paintbrush): 'hardiness.min' is empty — setting to null.
DEBUG | id=9933 (Scarlet Paintbrush): 'hardiness.max' is empty — setting to null.
DEBUG | id=9934 (Giant Red Indian Paintbrush): 'hardiness.min' is empty — setting to null.
DEBUG | id=9934 (Giant Red Indian Paintbrush): 'hardiness.max' is empty — setting to null.
DEBUG | id=9935 (Dixon's Paintbrush): 'hardiness.min' is empty — setting to null.
DEBUG | id=9935 (Dixon's Paintbrush): 'hardiness.max' is empty — setting to null.
DEBUG | id=9936 (Elko Indian Paintbrush): 'hardiness.min' is empty — setting to null.
DEBUG | id=9936 (Elko Indian Paintbrush): 'hardiness.max' is empty — setting to null.
DEBUG | id=9937 (Lesser Paintbrush): 'hardiness.min' is empty — setting to null.
DEBUG | id=9937 (Lesser Paintbrush): 'hardiness.max' is empty — setting to null.
DEBUG | id=9938 (Annual Paintbrush): 'hardiness.min' is empty — setting to null.
DEBUG | id=9938 (Annual Paintbrush): 'hardiness.max' is empty — setting to null.
DEBUG | id=9939 (Western Indian Paintbrush): 'hardiness.min' is empty — setting to null.
DEBUG | id=9939 (Western Indian Paintbrush): 'hardiness.max' is empty — setting to null.
DEBUG | id=9940 (Pale Indian Paintbrush): 'hardiness.min' is empty — setting to null.
DEBUG | id=9940 (Pale Indian Paintbrush): 'hardiness.max' is empty — setting to null.
DEBUG | id=9941 (Boreal Indian Paintbrush): 'hardiness.min' is empty — setting to null.
DEBUG | id=9941 (Boreal Indian Paintbrush): 'hardiness.max' is empty — setting to null.
DEBUG | id=9942 (Pale Greenish Paintbrush): 'hardiness.min' is empty — setting to null.
DEBUG | id=9942 (Pale Greenish Paintbrush): 'hardiness.max' is empty — setting to null.
DEBUG | id=9943 (Yukon Paintbrush): 'hardiness.min' is empty — setting to null.
DEBUG | id=9943 (Yukon Paintbrush): 'hardiness.max' is empty — setting to null.
DEBUG | id=9944 (Mountain Paintbrush): 'hardiness.min' is empty — setting to null.
DEBUG | id=9944 (Mountain Paintbrush): 'hardiness.max' is empty — setting to null.
DEBUG | id=9945 (Small Flower Indian Paintbrush): 'hardiness.min' is empty — setting to null.
DEBUG | id=9945 (Small Flower Indian Paintbrush): 'hardiness.max' is empty — setting to null.
DEBUG | id=9946 (Olympic Mountains Paintbrush): 'hardiness.min' is empty — setting to null.
DEBUG | id=9946 (Olympic Mountains Paintbrush): 'hardiness.max' is empty — setting to null.
DEBUG | id=9947 (Purple Paintbrush): 'hardiness.min' is empty — setting to null.
DEBUG | id=9947 (Purple Paintbrush): 'hardiness.max' is empty — setting to null.
DEBUG | id=9948 (Splitleaf Indian Paintbrush): 'hardiness.min' is empty — setting to null.
DEBUG | id=9948 (Splitleaf Indian Paintbrush): 'hardiness.max' is empty — setting to null.
DEBUG | id=9949 (Cliff Paintbrush): 'hardiness.min' is empty — setting to null.
DEBUG | id=9949 (Cliff Paintbrush): 'hardiness.max' is empty — setting to null.
DEBUG | id=9950 (Labrador Indian Paintbrush): 'hardiness.min' is empty — setting to null.
DEBUG | id=9950 (Labrador Indian Paintbrush): 'hardiness.max' is empty — setting to null.
DEBUG | id=9951 (Downy Paintbrush): 'hardiness.min' is empty — setting to null.
DEBUG | id=9951 (Downy Paintbrush): 'hardiness.max' is empty — setting to null.
DEBUG | id=9952 (Hairy Owl's Clover): 'hardiness.min' is empty — setting to null.
DEBUG | id=9952 (Hairy Owl's Clover): 'hardiness.max' is empty — setting to null.
DEBUG | id=9953 (Alaska Indian Paintbrush): 'hardiness.min' is empty — setting to null.
DEBUG | id=9953 (Alaska Indian Paintbrush): 'hardiness.max' is empty — setting to null.
DEBUG | id=9954 (Victoria's Paintbrush): 'hardiness.min' is empty — setting to null.
DEBUG | id=9954 (Victoria's Paintbrush): 'hardiness.max' is empty — setting to null.
DEBUG | id=9955 (Brook Grass): 'hardiness.min' is empty — setting to null.
DEBUG | id=9955 (Brook Grass): 'hardiness.max' is empty — setting to null.
DEBUG | id=9956 (Hybrid Catalpa): 'hardiness.min' is empty — setting to null.
DEBUG | id=9956 (Hybrid Catalpa): 'hardiness.max' is empty — setting to null.
DEBUG | id=9957 (Giant Blue Cohosh): 'hardiness.min' is empty — setting to null.
DEBUG | id=9957 (Giant Blue Cohosh): 'hardiness.max' is empty — setting to null.
DEBUG | id=9958 (Blue Cohosh): 'hardiness.min' is empty — setting to null.
DEBUG | id=9958 (Blue Cohosh): 'hardiness.max' is empty — setting to null.
DEBUG | id=9961 (Snowbrush Ceanothus): 'hardiness.min' is empty — setting to null.
DEBUG | id=9961 (Snowbrush Ceanothus): 'hardiness.max' is empty — setting to null.
DEBUG | id=9962 (Hooker's Ceanothus): 'hardiness.min' is empty — setting to null.
DEBUG | id=9962 (Hooker's Ceanothus): 'hardiness.max' is empty — setting to null.
DEBUG | id=9963 (Dwarf Hackberry): 'hardiness.min' is empty — setting to null.
DEBUG | id=9963 (Dwarf Hackberry): 'hardiness.max' is empty — setting to null.
DEBUG | id=9964 (Long Spine Sandbur): 'hardiness.min' is empty — setting to null.
DEBUG | id=9964 (Long Spine Sandbur): 'hardiness.max' is empty — setting to null.
DEBUG | id=9965 (Big Head Purple Star Thistle): 'hardiness.min' is empty — setting to null.
DEBUG | id=9965 (Big Head Purple Star Thistle): 'hardiness.max' is empty — setting to null.
DEBUG | id=9966 (Diffuse Knapweed): 'hardiness.min' is empty — setting to null.
DEBUG | id=9966 (Diffuse Knapweed): 'hardiness.max' is empty — setting to null.
DEBUG | id=9967 (Big Head Starthistle): 'hardiness.min' is empty — setting to null.
DEBUG | id=9967 (Big Head Starthistle): 'hardiness.max' is empty — setting to null.
DEBUG | id=9968 (Maltese Starthistle): 'hardiness.min' is empty — setting to null.
DEBUG | id=9968 (Maltese Starthistle): 'hardiness.max' is empty — setting to null.
DEBUG | id=9969 (Black Starthistle): 'hardiness.min' is empty — setting to null.
DEBUG | id=9969 (Black Starthistle): 'hardiness.max' is empty — setting to null.
DEBUG | id=9970 (Short-Fringe Starthistle): 'hardiness.min' is empty — setting to null.
DEBUG | id=9970 (Short-Fringe Starthistle): 'hardiness.max' is empty — setting to null.
DEBUG | id=9971 (Yellow Starthistle): 'hardiness.min' is empty — setting to null.
DEBUG | id=9971 (Yellow Starthistle): 'hardiness.max' is empty — setting to null.
DEBUG | id=9972 (Spotted Knapweed): 'hardiness.min' is empty — setting to null.
DEBUG | id=9972 (Spotted Knapweed): 'hardiness.max' is empty — setting to null.
DEBUG | id=9973 (Spotted Knapweed): 'hardiness.min' is empty — setting to null.
DEBUG | id=9973 (Spotted Knapweed): 'hardiness.max' is empty — setting to null.
DEBUG | id=9974 (Meadow Knapweed): 'hardiness.min' is empty — setting to null.
DEBUG | id=9974 (Meadow Knapweed): 'hardiness.max' is empty — setting to null.
DEBUG | id=9975 (Spotted - Diffuse Hybrid Knapweed): 'hardiness.min' is empty — setting to null.
DEBUG | id=9975 (Spotted - Diffuse Hybrid Knapweed): 'hardiness.max' is empty — setting to null.
DEBUG | id=9976 (Common Centaury): 'hardiness.min' is empty — setting to null.
DEBUG | id=9976 (Common Centaury): 'hardiness.max' is empty — setting to null.
DEBUG | id=9977 (Branching Centaury): 'hardiness.min' is empty — setting to null.
DEBUG | id=9977 (Branching Centaury): 'hardiness.max' is empty — setting to null.
DEBUG | id=9978 (Phantom Orchid): 'hardiness.min' is empty — setting to null.
DEBUG | id=9978 (Phantom Orchid): 'hardiness.max' is empty — setting to null.
DEBUG | id=9979 (Common Buttonbush): 'hardiness.min' is empty — setting to null.
DEBUG | id=9979 (Common Buttonbush): 'hardiness.max' is empty — setting to null.
DEBUG | id=9980 (Yellow Swanseed): 'hardiness.min' is empty — setting to null.
DEBUG | id=9980 (Yellow Swanseed): 'hardiness.max' is empty — setting to null.
DEBUG | id=9981 (Aleutian Chickweed): 'hardiness.min' is empty — setting to null.
DEBUG | id=9981 (Aleutian Chickweed): 'hardiness.max' is empty — setting to null.
DEBUG | id=9982 (Alpine Mouse Ear Chickweed): 'hardiness.min' is empty — setting to null.
DEBUG | id=9982 (Alpine Mouse Ear Chickweed): 'hardiness.max' is empty — setting to null.
DEBUG | id=9983 (Alpine Chickweed): 'hardiness.min' is empty — setting to null.
DEBUG | id=9983 (Alpine Chickweed): 'hardiness.max' is empty — setting to null.
DEBUG | id=9984 (Alpine Chickweed): 'hardiness.min' is empty — setting to null.
DEBUG | id=9984 (Alpine Chickweed): 'hardiness.max' is empty — setting to null.
DEBUG | id=9985 (Field Chickweed): 'hardiness.min' is empty — setting to null.
DEBUG | id=9985 (Field Chickweed): 'hardiness.max' is empty — setting to null.
DEBUG | id=9986 (Bering Chickweed): 'hardiness.min' is empty — setting to null.
DEBUG | id=9986 (Bering Chickweed): 'hardiness.max' is empty — setting to null.
DEBUG | id=9987 (Bialynick's Mouse Ear Chickweed): 'hardiness.min' is empty — setting to null.
DEBUG | id=9987 (Bialynick's Mouse Ear Chickweed): 'hardiness.max' is empty — setting to null.
DEBUG | id=9988 (Bieberstein Chickweed): 'hardiness.min' is empty — setting to null.
DEBUG | id=9988 (Bieberstein Chickweed): 'hardiness.max' is empty — setting to null.
DEBUG | id=9989 (Shortstalk Chickweed): 'hardiness.min' is empty — setting to null.
DEBUG | id=9989 (Shortstalk Chickweed): 'hardiness.max' is empty — setting to null.
DEBUG | id=9990 (Mountain Chickweed): 'hardiness.min' is empty — setting to null.
DEBUG | id=9990 (Mountain Chickweed): 'hardiness.max' is empty — setting to null.
DEBUG | id=9991 (Fischer's Chickweed): 'hardiness.min' is empty — setting to null.
DEBUG | id=9991 (Fischer's Chickweed): 'hardiness.max' is empty — setting to null.
DEBUG | id=9992 (Common Mouse-Ear Chickweed): 'hardiness.min' is empty — setting to null.
DEBUG | id=9992 (Common Mouse-Ear Chickweed): 'hardiness.max' is empty — setting to null.
DEBUG | id=9993 (Mountain Mouse-Ear Chickweed): 'hardiness.min' is empty — setting to null.
DEBUG | id=9993 (Mountain Mouse-Ear Chickweed): 'hardiness.max' is empty — setting to null.
DEBUG | id=9994 (Common Mouse-Ear Chickweed): 'hardiness.min' is empty — setting to null.
DEBUG | id=9994 (Common Mouse-Ear Chickweed): 'hardiness.max' is empty — setting to null.
DEBUG | id=9995 (Sticky Mouse Ear Chickweed): 'hardiness.min' is empty — setting to null.
DEBUG | id=9995 (Sticky Mouse Ear Chickweed): 'hardiness.max' is empty — setting to null.
DEBUG | id=9996 (Great Chickweed): 'hardiness.min' is empty — setting to null.
DEBUG | id=9996 (Great Chickweed): 'hardiness.max' is empty — setting to null.
DEBUG | id=9997 (Nodding Chickweed): 'hardiness.min' is empty — setting to null.
DEBUG | id=9997 (Nodding Chickweed): 'hardiness.max' is empty — setting to null.
DEBUG | id=9998 (Nodding Chickweed): 'hardiness.min' is empty — setting to null.
DEBUG | id=9998 (Nodding Chickweed): 'hardiness.max' is empty — setting to null.
DEBUG | id=9999 (European Chickweed): 'hardiness.min' is empty — setting to null.
DEBUG | id=9999 (European Chickweed): 'hardiness.max' is empty — setting to null.
DEBUG | id=10000 (Regel's Chickweed): 'hardiness.min' is empty — setting to null.
DEBUG | id=10000 (Regel's Chickweed): 'hardiness.max' is empty — setting to null.
